2026-05-30 11:48:15,660 INFO o.a.j.u.JMeterUtils: Setting Locale to en_EN
2026-05-30 11:48:15,677 INFO o.a.j.JMeter: Loading user properties from: /home/Pipe/.local/share/apache-jmeter-5.6.3/bin/user.properties
2026-05-30 11:48:15,677 INFO o.a.j.JMeter: Loading system properties from: /home/Pipe/.local/share/apache-jmeter-5.6.3/bin/system.properties
2026-05-30 11:48:15,683 INFO o.a.j.JMeter: Copyright (c) 1998-2024 The Apache Software Foundation
2026-05-30 11:48:15,684 INFO o.a.j.JMeter: Version 5.6.3
2026-05-30 11:48:15,684 INFO o.a.j.JMeter: java.version=17.0.19
2026-05-30 11:48:15,684 INFO o.a.j.JMeter: java.vm.name=OpenJDK 64-Bit Server VM
2026-05-30 11:48:15,684 INFO o.a.j.JMeter: os.name=Linux
2026-05-30 11:48:15,684 INFO o.a.j.JMeter: os.arch=amd64
2026-05-30 11:48:15,684 INFO o.a.j.JMeter: os.version=7.0.3-arch1-2
2026-05-30 11:48:15,684 INFO o.a.j.JMeter: file.encoding=ANSI_X3.4-1968
2026-05-30 11:48:15,684 INFO o.a.j.JMeter: java.awt.headless=null
2026-05-30 11:48:15,684 INFO o.a.j.JMeter: Max memory     =1073741824
2026-05-30 11:48:15,684 INFO o.a.j.JMeter: Available Processors =12
2026-05-30 11:48:15,693 INFO o.a.j.JMeter: Default Locale=English (EN)
2026-05-30 11:48:15,693 INFO o.a.j.JMeter: JMeter  Locale=English (EN)
2026-05-30 11:48:15,693 INFO o.a.j.JMeter: JMeterHome=/home/Pipe/.local/share/apache-jmeter-5.6.3
2026-05-30 11:48:15,693 INFO o.a.j.JMeter: user.dir  =/home/Pipe/Downloads/basura/Administrador-de-Compras-de-Mercado/backend
2026-05-30 11:48:15,693 INFO o.a.j.JMeter: PWD       =/home/Pipe/Downloads/basura/Administrador-de-Compras-de-Mercado/backend
2026-05-30 11:48:15,694 INFO o.a.j.JMeter: IP: 192.168.20.30 Name: archlinux FullName: archlinux
2026-05-30 11:48:15,705 INFO o.a.j.JMeter: Loaded icon properties from org/apache/jmeter/images/icon.properties
2026-05-30 11:48:15,902 INFO o.a.j.JMeterGuiLauncher: Setting LAF to: com.github.weisj.darklaf.DarkLaf:com.github.weisj.darklaf.theme.DarculaTheme
2026-05-30 11:48:29,440 INFO o.a.j.s.FileServer: Default base='/home/Pipe/Downloads/basura/Administrador-de-Compras-de-Mercado/backend'
2026-05-30 11:48:29,442 INFO o.a.j.g.a.Load: Loading file: /home/Pipe/Downloads/basura/Administrador-de-Compras-de-Mercado/test/jmeter/MercaList-Carga-Completa.jmx
2026-05-30 11:48:29,442 INFO o.a.j.s.FileServer: Set new base='/home/Pipe/Downloads/basura/Administrador-de-Compras-de-Mercado/test/jmeter'
2026-05-30 11:48:29,586 INFO o.a.j.s.SaveService: Testplan (JMX) version: 2.2. Testlog (JTL) version: 2.2
2026-05-30 11:48:29,600 INFO o.a.j.s.SaveService: Using SaveService properties version 5.0
2026-05-30 11:48:29,602 INFO o.a.j.s.SaveService: Using SaveService properties file encoding UTF-8
2026-05-30 11:48:29,602 INFO o.a.j.s.SaveService: Loading file: /home/Pipe/Downloads/basura/Administrador-de-Compras-de-Mercado/test/jmeter/MercaList-Carga-Completa.jmx
2026-05-30 11:48:29,621 INFO o.a.j.p.h.s.HTTPSamplerBase: Parser for text/html is org.apache.jmeter.protocol.http.parser.LagartoBasedHtmlParser
2026-05-30 11:48:29,621 INFO o.a.j.p.h.s.HTTPSamplerBase: Parser for application/xhtml+xml is org.apache.jmeter.protocol.http.parser.LagartoBasedHtmlParser
2026-05-30 11:48:29,621 INFO o.a.j.p.h.s.HTTPSamplerBase: Parser for application/xml is org.apache.jmeter.protocol.http.parser.LagartoBasedHtmlParser
2026-05-30 11:48:29,621 INFO o.a.j.p.h.s.HTTPSamplerBase: Parser for text/xml is org.apache.jmeter.protocol.http.parser.LagartoBasedHtmlParser
2026-05-30 11:48:29,621 INFO o.a.j.p.h.s.HTTPSamplerBase: Parser for text/vnd.wap.wml is org.apache.jmeter.protocol.http.parser.RegexpHTMLParser
2026-05-30 11:48:29,621 INFO o.a.j.p.h.s.HTTPSamplerBase: Parser for text/css is org.apache.jmeter.protocol.http.parser.CssParser
2026-05-30 11:48:30,004 INFO o.a.j.s.SampleResult: Note: Sample TimeStamps are START times
2026-05-30 11:48:30,004 INFO o.a.j.s.SampleResult: sampleresult.default.encoding is set to UTF-8
2026-05-30 11:48:30,004 INFO o.a.j.s.SampleResult: sampleresult.useNanoTime=true
2026-05-30 11:48:30,004 INFO o.a.j.s.SampleResult: sampleresult.nanoThreadSleep=5000
2026-05-30 11:48:30,170 INFO o.a.j.s.FileServer: Set new base='/home/Pipe/Downloads/basura/Administrador-de-Compras-de-Mercado/test/jmeter'
2026-05-30 11:49:20,534 INFO o.a.j.e.StandardJMeterEngine: Running the test!
2026-05-30 11:49:20,534 INFO o.a.j.s.SampleEvent: List of sample_variables: []
2026-05-30 11:49:20,534 INFO o.a.j.s.SampleEvent: List of sample_variables: []
2026-05-30 11:49:20,535 INFO o.a.j.e.u.CompoundVariable: Note: Function class names must contain the string: '.functions.'
2026-05-30 11:49:20,535 INFO o.a.j.e.u.CompoundVariable: Note: Function class names must not contain the string: '.gui.'
2026-05-30 11:49:20,565 INFO o.a.j.g.u.JMeterMenuBar: setRunning(true, *local*)
2026-05-30 11:49:20,567 INFO o.a.j.e.StandardJMeterEngine: Starting setUp thread groups
2026-05-30 11:49:20,567 INFO o.a.j.e.StandardJMeterEngine: Starting setUp ThreadGroup: 1 : Set Up - Registrar usuario 
2026-05-30 11:49:20,567 INFO o.a.j.e.StandardJMeterEngine: Starting 1 threads for group Set Up - Registrar usuario.
2026-05-30 11:49:20,567 INFO o.a.j.e.StandardJMeterEngine: Thread will continue on error
2026-05-30 11:49:20,567 INFO o.a.j.t.ThreadGroup: Starting thread group... number=1 threads=1 ramp-up=1 delayedStart=false
2026-05-30 11:49:20,569 INFO o.a.j.t.ThreadGroup: Started thread group number 1
2026-05-30 11:49:20,569 INFO o.a.j.e.StandardJMeterEngine: Waiting for all setup thread groups to exit
2026-05-30 11:49:20,569 INFO o.a.j.t.JMeterThread: Thread started: Set Up - Registrar usuario 1-1
2026-05-30 11:49:20,581 INFO o.a.j.p.h.s.HTTPHCAbstractImpl: Local host = archlinux
2026-05-30 11:49:20,589 INFO o.a.j.p.h.s.HTTPHC4Impl: HTTP request retry count = 0
2026-05-30 11:49:20,955 INFO o.a.j.t.JMeterThread: Thread is done: Set Up - Registrar usuario 1-1
2026-05-30 11:49:20,955 INFO o.a.j.t.JMeterThread: Thread finished: Set Up - Registrar usuario 1-1
2026-05-30 11:49:20,956 INFO o.a.j.e.StandardJMeterEngine: All Setup Threads have ended
2026-05-30 11:49:20,990 INFO o.a.j.e.StandardJMeterEngine: Starting ThreadGroup: 1 : Usuarios Concurrentes (50)
2026-05-30 11:49:20,990 INFO o.a.j.e.StandardJMeterEngine: Starting 50 threads for group Usuarios Concurrentes (50).
2026-05-30 11:49:20,990 INFO o.a.j.e.StandardJMeterEngine: Thread will start next loop on error
2026-05-30 11:49:20,991 INFO o.a.j.t.ThreadGroup: Starting thread group... number=1 threads=50 ramp-up=5 delayedStart=false
2026-05-30 11:49:20,993 INFO o.a.j.t.JMeterThread: Thread started: Usuarios Concurrentes (50) 1-1
2026-05-30 11:49:21,033 INFO o.a.j.t.ThreadGroup: Started thread group number 1
2026-05-30 11:49:21,033 INFO o.a.j.e.StandardJMeterEngine: All thread groups have been started
2026-05-30 11:49:21,095 INFO o.a.j.t.JMeterThread: Thread started: Usuarios Concurrentes (50) 1-2
2026-05-30 11:49:21,194 INFO o.a.j.t.JMeterThread: Thread started: Usuarios Concurrentes (50) 1-3
2026-05-30 11:49:21,294 INFO o.a.j.t.JMeterThread: Thread started: Usuarios Concurrentes (50) 1-4
2026-05-30 11:49:21,394 INFO o.a.j.t.JMeterThread: Thread started: Usuarios Concurrentes (50) 1-5
2026-05-30 11:49:21,494 INFO o.a.j.t.JMeterThread: Thread started: Usuarios Concurrentes (50) 1-6
2026-05-30 11:49:21,593 INFO o.a.j.t.JMeterThread: Thread started: Usuarios Concurrentes (50) 1-7
2026-05-30 11:49:21,693 INFO o.a.j.t.JMeterThread: Thread started: Usuarios Concurrentes (50) 1-8
2026-05-30 11:49:21,793 INFO o.a.j.t.JMeterThread: Thread started: Usuarios Concurrentes (50) 1-9
2026-05-30 11:49:21,805 INFO o.a.j.e.J.Extraer token: TOKEN EXTRACTED OK: eyJhbGciOiJIUzI1NiJ9...
2026-05-30 11:49:21,805 INFO o.a.j.e.J.Extraer token: TOKEN EXTRACTED OK: eyJhbGciOiJIUzI1NiJ9...
2026-05-30 11:49:21,805 INFO o.a.j.e.J.Extraer token: TOKEN EXTRACTED OK: eyJhbGciOiJIUzI1NiJ9...
2026-05-30 11:49:21,805 INFO o.a.j.e.J.Extraer token: TOKEN EXTRACTED OK: eyJhbGciOiJIUzI1NiJ9...
2026-05-30 11:49:21,805 INFO o.a.j.e.J.Extraer token: TOKEN EXTRACTED OK: eyJhbGciOiJIUzI1NiJ9...
2026-05-30 11:49:21,805 INFO o.a.j.e.J.Extraer token: TOKEN EXTRACTED OK: eyJhbGciOiJIUzI1NiJ9...
2026-05-30 11:49:21,805 INFO o.a.j.e.J.Extraer token: TOKEN EXTRACTED OK: eyJhbGciOiJIUzI1NiJ9...
2026-05-30 11:49:21,805 INFO o.a.j.e.J.Extraer token: TOKEN EXTRACTED OK: eyJhbGciOiJIUzI1NiJ9...
2026-05-30 11:49:21,890 INFO o.a.j.e.J.Extraer token: TOKEN EXTRACTED OK: eyJhbGciOiJIUzI1NiJ9...
2026-05-30 11:49:21,893 INFO o.a.j.t.JMeterThread: Thread started: Usuarios Concurrentes (50) 1-10
2026-05-30 11:49:21,992 INFO o.a.j.e.J.Extraer token: TOKEN EXTRACTED OK: eyJhbGciOiJIUzI1NiJ9...
2026-05-30 11:49:21,994 INFO o.a.j.t.JMeterThread: Thread started: Usuarios Concurrentes (50) 1-11
2026-05-30 11:49:22,093 INFO o.a.j.t.JMeterThread: Thread started: Usuarios Concurrentes (50) 1-12
2026-05-30 11:49:22,095 INFO o.a.j.e.J.Extraer token: TOKEN EXTRACTED OK: eyJhbGciOiJIUzI1NiJ9...
2026-05-30 11:49:22,193 INFO o.a.j.t.JMeterThread: Thread started: Usuarios Concurrentes (50) 1-13
2026-05-30 11:49:22,194 INFO o.a.j.e.J.Extraer token: TOKEN EXTRACTED OK: eyJhbGciOiJIUzI1NiJ9...
2026-05-30 11:49:22,293 INFO o.a.j.t.JMeterThread: Thread started: Usuarios Concurrentes (50) 1-14
2026-05-30 11:49:22,313 INFO o.a.j.e.J.Extraer token: TOKEN EXTRACTED OK: eyJhbGciOiJIUzI1NiJ9...
2026-05-30 11:49:22,393 INFO o.a.j.t.JMeterThread: Thread started: Usuarios Concurrentes (50) 1-15
2026-05-30 11:49:22,406 INFO o.a.j.e.J.Extraer token: TOKEN EXTRACTED OK: eyJhbGciOiJIUzI1NiJ9...
2026-05-30 11:49:22,492 INFO o.a.j.t.JMeterThread: Thread started: Usuarios Concurrentes (50) 1-16
2026-05-30 11:49:22,493 INFO o.a.j.e.J.Extraer token: TOKEN EXTRACTED OK: eyJhbGciOiJIUzI1NiJ9...
2026-05-30 11:49:22,514 INFO o.a.j.e.J.Extraer token: TOKEN EXTRACTED OK: eyJhbGciOiJIUzI1NiJ9...
2026-05-30 11:49:22,521 INFO o.a.j.e.J.Extraer token: TOKEN EXTRACTED OK: eyJhbGciOiJIUzI1NiJ9...
2026-05-30 11:49:22,527 INFO o.a.j.e.J.Extraer token: TOKEN EXTRACTED OK: eyJhbGciOiJIUzI1NiJ9...
2026-05-30 11:49:22,577 INFO o.a.j.e.J.Extraer token: TOKEN EXTRACTED OK: eyJhbGciOiJIUzI1NiJ9...
2026-05-30 11:49:22,590 INFO o.a.j.e.J.Extraer token: TOKEN EXTRACTED OK: eyJhbGciOiJIUzI1NiJ9...
2026-05-30 11:49:22,592 INFO o.a.j.t.JMeterThread: Thread started: Usuarios Concurrentes (50) 1-17
2026-05-30 11:49:22,595 INFO o.a.j.e.J.Extraer token: TOKEN EXTRACTED OK: eyJhbGciOiJIUzI1NiJ9...
2026-05-30 11:49:22,611 INFO o.a.j.e.J.Extraer token: TOKEN EXTRACTED OK: eyJhbGciOiJIUzI1NiJ9...
2026-05-30 11:49:22,616 INFO o.a.j.e.J.Extraer token: TOKEN EXTRACTED OK: eyJhbGciOiJIUzI1NiJ9...
2026-05-30 11:49:22,646 INFO o.a.j.e.J.Extraer token: TOKEN EXTRACTED OK: eyJhbGciOiJIUzI1NiJ9...
2026-05-30 11:49:22,691 INFO o.a.j.e.J.Extraer token: TOKEN EXTRACTED OK: eyJhbGciOiJIUzI1NiJ9...
2026-05-30 11:49:22,692 INFO o.a.j.t.JMeterThread: Thread started: Usuarios Concurrentes (50) 1-18
2026-05-30 11:49:22,724 INFO o.a.j.e.J.Extraer token: TOKEN EXTRACTED OK: eyJhbGciOiJIUzI1NiJ9...
2026-05-30 11:49:22,741 INFO o.a.j.e.J.Extraer token: TOKEN EXTRACTED OK: eyJhbGciOiJIUzI1NiJ9...
2026-05-30 11:49:22,745 INFO o.a.j.e.J.Extraer token: TOKEN EXTRACTED OK: eyJhbGciOiJIUzI1NiJ9...
2026-05-30 11:49:22,786 INFO o.a.j.e.J.Extraer token: TOKEN EXTRACTED OK: eyJhbGciOiJIUzI1NiJ9...
2026-05-30 11:49:22,797 INFO o.a.j.t.JMeterThread: Thread started: Usuarios Concurrentes (50) 1-19
2026-05-30 11:49:22,853 INFO o.a.j.e.J.Extraer token: TOKEN EXTRACTED OK: eyJhbGciOiJIUzI1NiJ9...
2026-05-30 11:49:22,889 INFO o.a.j.e.J.Extraer token: TOKEN EXTRACTED OK: eyJhbGciOiJIUzI1NiJ9...
2026-05-30 11:49:22,893 INFO o.a.j.t.JMeterThread: Thread started: Usuarios Concurrentes (50) 1-20
2026-05-30 11:49:22,920 INFO o.a.j.e.J.Extraer token: TOKEN EXTRACTED OK: eyJhbGciOiJIUzI1NiJ9...
2026-05-30 11:49:22,967 INFO o.a.j.e.J.Extraer token: TOKEN EXTRACTED OK: eyJhbGciOiJIUzI1NiJ9...
2026-05-30 11:49:22,992 INFO o.a.j.t.JMeterThread: Thread started: Usuarios Concurrentes (50) 1-21
2026-05-30 11:49:23,027 INFO o.a.j.e.J.Extraer token: TOKEN EXTRACTED OK: eyJhbGciOiJIUzI1NiJ9...
2026-05-30 11:49:23,083 INFO o.a.j.e.J.Extraer token: TOKEN EXTRACTED OK: eyJhbGciOiJIUzI1NiJ9...
2026-05-30 11:49:23,092 INFO o.a.j.t.JMeterThread: Thread started: Usuarios Concurrentes (50) 1-22
2026-05-30 11:49:23,188 INFO o.a.j.e.J.Extraer token: TOKEN EXTRACTED OK: eyJhbGciOiJIUzI1NiJ9...
2026-05-30 11:49:23,189 INFO o.a.j.e.J.Extraer token: TOKEN EXTRACTED OK: eyJhbGciOiJIUzI1NiJ9...
2026-05-30 11:49:23,192 INFO o.a.j.t.JMeterThread: Thread started: Usuarios Concurrentes (50) 1-23
2026-05-30 11:49:23,209 INFO o.a.j.e.J.Extraer token: TOKEN EXTRACTED OK: eyJhbGciOiJIUzI1NiJ9...
2026-05-30 11:49:23,209 INFO o.a.j.e.J.Extraer token: TOKEN EXTRACTED OK: eyJhbGciOiJIUzI1NiJ9...
2026-05-30 11:49:23,272 INFO o.a.j.e.J.Extraer token: TOKEN EXTRACTED OK: eyJhbGciOiJIUzI1NiJ9...
2026-05-30 11:49:23,293 INFO o.a.j.t.JMeterThread: Thread started: Usuarios Concurrentes (50) 1-24
2026-05-30 11:49:23,313 INFO o.a.j.e.J.Extraer token: TOKEN EXTRACTED OK: eyJhbGciOiJIUzI1NiJ9...
2026-05-30 11:49:23,323 INFO o.a.j.e.J.Extraer token: TOKEN EXTRACTED OK: eyJhbGciOiJIUzI1NiJ9...
2026-05-30 11:49:23,356 INFO o.a.j.e.J.Extraer token: TOKEN EXTRACTED OK: eyJhbGciOiJIUzI1NiJ9...
2026-05-30 11:49:23,371 INFO o.a.j.e.J.Extraer token: TOKEN EXTRACTED OK: eyJhbGciOiJIUzI1NiJ9...
2026-05-30 11:49:23,371 INFO o.a.j.e.J.Extraer token: TOKEN EXTRACTED OK: eyJhbGciOiJIUzI1NiJ9...
2026-05-30 11:49:23,372 INFO o.a.j.e.J.Extraer token: TOKEN EXTRACTED OK: eyJhbGciOiJIUzI1NiJ9...
2026-05-30 11:49:23,396 INFO o.a.j.t.JMeterThread: Thread started: Usuarios Concurrentes (50) 1-25
2026-05-30 11:49:23,405 INFO o.a.j.e.J.Extraer token: TOKEN EXTRACTED OK: eyJhbGciOiJIUzI1NiJ9...
2026-05-30 11:49:23,423 INFO o.a.j.e.J.Extraer token: TOKEN EXTRACTED OK: eyJhbGciOiJIUzI1NiJ9...
2026-05-30 11:49:23,438 INFO o.a.j.e.J.Extraer token: TOKEN EXTRACTED OK: eyJhbGciOiJIUzI1NiJ9...
2026-05-30 11:49:23,475 INFO o.a.j.e.J.Extraer token: TOKEN EXTRACTED OK: eyJhbGciOiJIUzI1NiJ9...
2026-05-30 11:49:23,492 INFO o.a.j.t.JMeterThread: Thread started: Usuarios Concurrentes (50) 1-26
2026-05-30 11:49:23,520 INFO o.a.j.e.J.Extraer token: TOKEN EXTRACTED OK: eyJhbGciOiJIUzI1NiJ9...
2026-05-30 11:49:23,592 INFO o.a.j.t.JMeterThread: Thread started: Usuarios Concurrentes (50) 1-27
2026-05-30 11:49:23,608 INFO o.a.j.e.J.Extraer token: TOKEN EXTRACTED OK: eyJhbGciOiJIUzI1NiJ9...
2026-05-30 11:49:23,637 INFO o.a.j.e.J.Extraer token: TOKEN EXTRACTED OK: eyJhbGciOiJIUzI1NiJ9...
2026-05-30 11:49:23,645 INFO o.a.j.e.J.Extraer token: TOKEN EXTRACTED OK: eyJhbGciOiJIUzI1NiJ9...
2026-05-30 11:49:23,655 INFO o.a.j.e.J.Extraer token: TOKEN EXTRACTED OK: eyJhbGciOiJIUzI1NiJ9...
2026-05-30 11:49:23,674 INFO o.a.j.e.J.Extraer token: TOKEN EXTRACTED OK: eyJhbGciOiJIUzI1NiJ9...
2026-05-30 11:49:23,692 INFO o.a.j.t.JMeterThread: Thread started: Usuarios Concurrentes (50) 1-28
2026-05-30 11:49:23,729 INFO o.a.j.e.J.Extraer token: TOKEN EXTRACTED OK: eyJhbGciOiJIUzI1NiJ9...
2026-05-30 11:49:23,784 INFO o.a.j.e.J.Extraer token: TOKEN EXTRACTED OK: eyJhbGciOiJIUzI1NiJ9...
2026-05-30 11:49:23,793 INFO o.a.j.t.JMeterThread: Thread started: Usuarios Concurrentes (50) 1-29
2026-05-30 11:49:23,855 INFO o.a.j.e.J.Extraer token: TOKEN EXTRACTED OK: eyJhbGciOiJIUzI1NiJ9...
2026-05-30 11:49:23,884 INFO o.a.j.e.J.Extraer token: TOKEN EXTRACTED OK: eyJhbGciOiJIUzI1NiJ9...
2026-05-30 11:49:23,885 INFO o.a.j.e.J.Extraer token: TOKEN EXTRACTED OK: eyJhbGciOiJIUzI1NiJ9...
2026-05-30 11:49:23,893 INFO o.a.j.t.JMeterThread: Thread started: Usuarios Concurrentes (50) 1-30
2026-05-30 11:49:23,942 INFO o.a.j.e.J.Extraer token: TOKEN EXTRACTED OK: eyJhbGciOiJIUzI1NiJ9...
2026-05-30 11:49:23,960 INFO o.a.j.e.J.Extraer token: TOKEN EXTRACTED OK: eyJhbGciOiJIUzI1NiJ9...
2026-05-30 11:49:23,992 INFO o.a.j.t.JMeterThread: Thread started: Usuarios Concurrentes (50) 1-31
2026-05-30 11:49:24,009 INFO o.a.j.e.J.Extraer token: TOKEN EXTRACTED OK: eyJhbGciOiJIUzI1NiJ9...
2026-05-30 11:49:24,043 INFO o.a.j.e.J.Extraer token: TOKEN EXTRACTED OK: eyJhbGciOiJIUzI1NiJ9...
2026-05-30 11:49:24,048 INFO o.a.j.e.J.Extraer token: TOKEN EXTRACTED OK: eyJhbGciOiJIUzI1NiJ9...
2026-05-30 11:49:24,092 INFO o.a.j.e.J.Extraer token: TOKEN EXTRACTED OK: eyJhbGciOiJIUzI1NiJ9...
2026-05-30 11:49:24,093 INFO o.a.j.t.JMeterThread: Thread started: Usuarios Concurrentes (50) 1-32
2026-05-30 11:49:24,191 INFO o.a.j.e.J.Extraer token: TOKEN EXTRACTED OK: eyJhbGciOiJIUzI1NiJ9...
2026-05-30 11:49:24,192 INFO o.a.j.t.JMeterThread: Thread started: Usuarios Concurrentes (50) 1-33
2026-05-30 11:49:24,252 INFO o.a.j.e.J.Extraer token: TOKEN EXTRACTED OK: eyJhbGciOiJIUzI1NiJ9...
2026-05-30 11:49:24,294 INFO o.a.j.e.J.Extraer token: TOKEN EXTRACTED OK: eyJhbGciOiJIUzI1NiJ9...
2026-05-30 11:49:24,294 INFO o.a.j.t.JMeterThread: Thread started: Usuarios Concurrentes (50) 1-34
2026-05-30 11:49:24,308 INFO o.a.j.e.J.Extraer token: TOKEN EXTRACTED OK: eyJhbGciOiJIUzI1NiJ9...
2026-05-30 11:49:24,392 INFO o.a.j.t.JMeterThread: Thread started: Usuarios Concurrentes (50) 1-35
2026-05-30 11:49:24,407 INFO o.a.j.e.J.Extraer token: TOKEN EXTRACTED OK: eyJhbGciOiJIUzI1NiJ9...
2026-05-30 11:49:24,417 INFO o.a.j.e.J.Extraer token: TOKEN EXTRACTED OK: eyJhbGciOiJIUzI1NiJ9...
2026-05-30 11:49:24,447 INFO o.a.j.e.J.Extraer token: TOKEN EXTRACTED OK: eyJhbGciOiJIUzI1NiJ9...
2026-05-30 11:49:24,493 INFO o.a.j.t.JMeterThread: Thread started: Usuarios Concurrentes (50) 1-36
2026-05-30 11:49:24,498 INFO o.a.j.e.J.Extraer token: TOKEN EXTRACTED OK: eyJhbGciOiJIUzI1NiJ9...
2026-05-30 11:49:24,574 INFO o.a.j.e.J.Extraer token: TOKEN EXTRACTED OK: eyJhbGciOiJIUzI1NiJ9...
2026-05-30 11:49:24,592 INFO o.a.j.e.J.Extraer token: TOKEN EXTRACTED OK: eyJhbGciOiJIUzI1NiJ9...
2026-05-30 11:49:24,592 INFO o.a.j.e.J.Extraer token: TOKEN EXTRACTED OK: eyJhbGciOiJIUzI1NiJ9...
2026-05-30 11:49:24,592 INFO o.a.j.t.JMeterThread: Thread started: Usuarios Concurrentes (50) 1-37
2026-05-30 11:49:24,674 INFO o.a.j.e.J.Extraer token: TOKEN EXTRACTED OK: eyJhbGciOiJIUzI1NiJ9...
2026-05-30 11:49:24,692 INFO o.a.j.t.JMeterThread: Thread started: Usuarios Concurrentes (50) 1-38
2026-05-30 11:49:24,722 INFO o.a.j.e.J.Extraer token: TOKEN EXTRACTED OK: eyJhbGciOiJIUzI1NiJ9...
2026-05-30 11:49:24,723 INFO o.a.j.e.J.Extraer token: TOKEN EXTRACTED OK: eyJhbGciOiJIUzI1NiJ9...
2026-05-30 11:49:24,735 INFO o.a.j.e.J.Extraer token: TOKEN EXTRACTED OK: eyJhbGciOiJIUzI1NiJ9...
2026-05-30 11:49:24,794 INFO o.a.j.t.JMeterThread: Thread started: Usuarios Concurrentes (50) 1-39
2026-05-30 11:49:24,805 INFO o.a.j.e.J.Extraer token: TOKEN EXTRACTED OK: eyJhbGciOiJIUzI1NiJ9...
2026-05-30 11:49:24,867 INFO o.a.j.e.J.Extraer token: TOKEN EXTRACTED OK: eyJhbGciOiJIUzI1NiJ9...
2026-05-30 11:49:24,883 INFO o.a.j.e.J.Extraer token: TOKEN EXTRACTED OK: eyJhbGciOiJIUzI1NiJ9...
2026-05-30 11:49:24,893 INFO o.a.j.t.JMeterThread: Thread started: Usuarios Concurrentes (50) 1-40
2026-05-30 11:49:24,917 INFO o.a.j.e.J.Extraer token: TOKEN EXTRACTED OK: eyJhbGciOiJIUzI1NiJ9...
2026-05-30 11:49:24,936 INFO o.a.j.e.J.Extraer token: TOKEN EXTRACTED OK: eyJhbGciOiJIUzI1NiJ9...
2026-05-30 11:49:24,985 INFO o.a.j.e.J.Extraer token: TOKEN EXTRACTED OK: eyJhbGciOiJIUzI1NiJ9...
2026-05-30 11:49:24,993 INFO o.a.j.t.JMeterThread: Thread started: Usuarios Concurrentes (50) 1-41
2026-05-30 11:49:25,003 INFO o.a.j.e.J.Extraer token: TOKEN EXTRACTED OK: eyJhbGciOiJIUzI1NiJ9...
2026-05-30 11:49:25,077 INFO o.a.j.e.J.Extraer token: TOKEN EXTRACTED OK: eyJhbGciOiJIUzI1NiJ9...
2026-05-30 11:49:25,092 INFO o.a.j.t.JMeterThread: Thread started: Usuarios Concurrentes (50) 1-42
2026-05-30 11:49:25,113 INFO o.a.j.e.J.Extraer token: TOKEN EXTRACTED OK: eyJhbGciOiJIUzI1NiJ9...
2026-05-30 11:49:25,125 INFO o.a.j.e.J.Extraer token: TOKEN EXTRACTED OK: eyJhbGciOiJIUzI1NiJ9...
2026-05-30 11:49:25,141 INFO o.a.j.e.J.Extraer token: TOKEN EXTRACTED OK: eyJhbGciOiJIUzI1NiJ9...
2026-05-30 11:49:25,192 INFO o.a.j.t.JMeterThread: Thread started: Usuarios Concurrentes (50) 1-43
2026-05-30 11:49:25,221 INFO o.a.j.e.J.Extraer token: TOKEN EXTRACTED OK: eyJhbGciOiJIUzI1NiJ9...
2026-05-30 11:49:25,222 INFO o.a.j.e.J.Extraer token: TOKEN EXTRACTED OK: eyJhbGciOiJIUzI1NiJ9...
2026-05-30 11:49:25,224 INFO o.a.j.e.J.Extraer token: TOKEN EXTRACTED OK: eyJhbGciOiJIUzI1NiJ9...
2026-05-30 11:49:25,293 INFO o.a.j.t.JMeterThread: Thread started: Usuarios Concurrentes (50) 1-44
2026-05-30 11:49:25,334 INFO o.a.j.e.J.Extraer token: TOKEN EXTRACTED OK: eyJhbGciOiJIUzI1NiJ9...
2026-05-30 11:49:25,336 INFO o.a.j.e.J.Extraer token: TOKEN EXTRACTED OK: eyJhbGciOiJIUzI1NiJ9...
2026-05-30 11:49:25,340 INFO o.a.j.e.J.Extraer token: TOKEN EXTRACTED OK: eyJhbGciOiJIUzI1NiJ9...
2026-05-30 11:49:25,381 INFO o.a.j.e.J.Extraer token: TOKEN EXTRACTED OK: eyJhbGciOiJIUzI1NiJ9...
2026-05-30 11:49:25,392 INFO o.a.j.t.JMeterThread: Thread started: Usuarios Concurrentes (50) 1-45
2026-05-30 11:49:25,418 INFO o.a.j.e.J.Extraer token: TOKEN EXTRACTED OK: eyJhbGciOiJIUzI1NiJ9...
2026-05-30 11:49:25,427 INFO o.a.j.e.J.Extraer token: TOKEN EXTRACTED OK: eyJhbGciOiJIUzI1NiJ9...
2026-05-30 11:49:25,439 INFO o.a.j.e.J.Extraer token: TOKEN EXTRACTED OK: eyJhbGciOiJIUzI1NiJ9...
2026-05-30 11:49:25,492 INFO o.a.j.t.JMeterThread: Thread started: Usuarios Concurrentes (50) 1-46
2026-05-30 11:49:25,535 INFO o.a.j.e.J.Extraer token: TOKEN EXTRACTED OK: eyJhbGciOiJIUzI1NiJ9...
2026-05-30 11:49:25,549 INFO o.a.j.e.J.Extraer token: TOKEN EXTRACTED OK: eyJhbGciOiJIUzI1NiJ9...
2026-05-30 11:49:25,549 INFO o.a.j.e.J.Extraer token: TOKEN EXTRACTED OK: eyJhbGciOiJIUzI1NiJ9...
2026-05-30 11:49:25,593 INFO o.a.j.t.JMeterThread: Thread started: Usuarios Concurrentes (50) 1-47
2026-05-30 11:49:25,605 INFO o.a.j.e.J.Extraer token: TOKEN EXTRACTED OK: eyJhbGciOiJIUzI1NiJ9...
2026-05-30 11:49:25,605 INFO o.a.j.e.J.Extraer token: TOKEN EXTRACTED OK: eyJhbGciOiJIUzI1NiJ9...
2026-05-30 11:49:25,618 INFO o.a.j.e.J.Extraer token: TOKEN EXTRACTED OK: eyJhbGciOiJIUzI1NiJ9...
2026-05-30 11:49:25,626 INFO o.a.j.e.J.Extraer token: TOKEN EXTRACTED OK: eyJhbGciOiJIUzI1NiJ9...
2026-05-30 11:49:25,645 INFO o.a.j.e.J.Extraer token: TOKEN EXTRACTED OK: eyJhbGciOiJIUzI1NiJ9...
2026-05-30 11:49:25,648 INFO o.a.j.e.J.Extraer token: TOKEN EXTRACTED OK: eyJhbGciOiJIUzI1NiJ9...
2026-05-30 11:49:25,645 INFO o.a.j.e.J.Extraer token: TOKEN EXTRACTED OK: eyJhbGciOiJIUzI1NiJ9...
2026-05-30 11:49:25,692 INFO o.a.j.t.JMeterThread: Thread started: Usuarios Concurrentes (50) 1-48
2026-05-30 11:49:25,696 INFO o.a.j.e.J.Extraer token: TOKEN EXTRACTED OK: eyJhbGciOiJIUzI1NiJ9...
2026-05-30 11:49:25,722 INFO o.a.j.e.J.Extraer token: TOKEN EXTRACTED OK: eyJhbGciOiJIUzI1NiJ9...
2026-05-30 11:49:25,722 INFO o.a.j.e.J.Extraer token: TOKEN EXTRACTED OK: eyJhbGciOiJIUzI1NiJ9...
2026-05-30 11:49:25,737 INFO o.a.j.e.J.Extraer token: TOKEN EXTRACTED OK: eyJhbGciOiJIUzI1NiJ9...
2026-05-30 11:49:25,772 INFO o.a.j.e.J.Extraer token: TOKEN EXTRACTED OK: eyJhbGciOiJIUzI1NiJ9...
2026-05-30 11:49:25,792 INFO o.a.j.t.JMeterThread: Thread started: Usuarios Concurrentes (50) 1-49
2026-05-30 11:49:25,851 INFO o.a.j.e.J.Extraer token: TOKEN EXTRACTED OK: eyJhbGciOiJIUzI1NiJ9...
2026-05-30 11:49:25,894 INFO o.a.j.t.JMeterThread: Thread started: Usuarios Concurrentes (50) 1-50
2026-05-30 11:49:25,895 INFO o.a.j.e.J.Extraer token: TOKEN EXTRACTED OK: eyJhbGciOiJIUzI1NiJ9...
2026-05-30 11:49:25,917 INFO o.a.j.e.J.Extraer token: TOKEN EXTRACTED OK: eyJhbGciOiJIUzI1NiJ9...
2026-05-30 11:49:26,005 INFO o.a.j.e.J.Extraer token: TOKEN EXTRACTED OK: eyJhbGciOiJIUzI1NiJ9...
2026-05-30 11:49:26,029 INFO o.a.j.e.J.Extraer token: TOKEN EXTRACTED OK: eyJhbGciOiJIUzI1NiJ9...
2026-05-30 11:49:26,087 INFO o.a.j.e.J.Extraer token: TOKEN EXTRACTED OK: eyJhbGciOiJIUzI1NiJ9...
2026-05-30 11:49:26,184 INFO o.a.j.e.J.Extraer token: TOKEN EXTRACTED OK: eyJhbGciOiJIUzI1NiJ9...
2026-05-30 11:49:26,295 INFO o.a.j.e.J.Extraer token: TOKEN EXTRACTED OK: eyJhbGciOiJIUzI1NiJ9...
2026-05-30 11:49:26,355 INFO o.a.j.e.J.Extraer token: TOKEN EXTRACTED OK: eyJhbGciOiJIUzI1NiJ9...
2026-05-30 11:49:26,450 INFO o.a.j.e.J.Extraer token: TOKEN EXTRACTED OK: eyJhbGciOiJIUzI1NiJ9...
2026-05-30 11:49:26,458 INFO o.a.j.e.J.Extraer token: TOKEN EXTRACTED OK: eyJhbGciOiJIUzI1NiJ9...
2026-05-30 11:49:26,458 INFO o.a.j.e.J.Extraer token: TOKEN EXTRACTED OK: eyJhbGciOiJIUzI1NiJ9...
2026-05-30 11:49:26,504 INFO o.a.j.e.J.Extraer token: TOKEN EXTRACTED OK: eyJhbGciOiJIUzI1NiJ9...
2026-05-30 11:49:26,505 INFO o.a.j.e.J.Extraer token: TOKEN EXTRACTED OK: eyJhbGciOiJIUzI1NiJ9...
2026-05-30 11:49:26,572 INFO o.a.j.e.J.Extraer token: TOKEN EXTRACTED OK: eyJhbGciOiJIUzI1NiJ9...
2026-05-30 11:49:26,633 INFO o.a.j.e.J.Extraer token: TOKEN EXTRACTED OK: eyJhbGciOiJIUzI1NiJ9...
2026-05-30 11:49:26,737 INFO o.a.j.e.J.Extraer token: TOKEN EXTRACTED OK: eyJhbGciOiJIUzI1NiJ9...
2026-05-30 11:49:26,804 INFO o.a.j.e.J.Extraer token: TOKEN EXTRACTED OK: eyJhbGciOiJIUzI1NiJ9...
2026-05-30 11:49:26,876 INFO o.a.j.e.J.Extraer token: TOKEN EXTRACTED OK: eyJhbGciOiJIUzI1NiJ9...
2026-05-30 11:49:26,878 INFO o.a.j.e.J.Extraer token: TOKEN EXTRACTED OK: eyJhbGciOiJIUzI1NiJ9...
2026-05-30 11:49:26,890 INFO o.a.j.e.J.Extraer token: TOKEN EXTRACTED OK: eyJhbGciOiJIUzI1NiJ9...
2026-05-30 11:49:26,903 INFO o.a.j.e.J.Extraer token: TOKEN EXTRACTED OK: eyJhbGciOiJIUzI1NiJ9...
2026-05-30 11:49:26,906 INFO o.a.j.e.J.Extraer token: TOKEN EXTRACTED OK: eyJhbGciOiJIUzI1NiJ9...
2026-05-30 11:49:26,905 INFO o.a.j.e.J.Extraer token: TOKEN EXTRACTED OK: eyJhbGciOiJIUzI1NiJ9...
2026-05-30 11:49:27,035 INFO o.a.j.e.J.Extraer token: TOKEN EXTRACTED OK: eyJhbGciOiJIUzI1NiJ9...
2026-05-30 11:49:27,204 INFO o.a.j.e.J.Extraer token: TOKEN EXTRACTED OK: eyJhbGciOiJIUzI1NiJ9...
2026-05-30 11:49:27,259 INFO o.a.j.e.J.Extraer token: TOKEN EXTRACTED OK: eyJhbGciOiJIUzI1NiJ9...
2026-05-30 11:49:27,340 INFO o.a.j.e.J.Extraer token: TOKEN EXTRACTED OK: eyJhbGciOiJIUzI1NiJ9...
2026-05-30 11:49:27,341 INFO o.a.j.e.J.Extraer token: TOKEN EXTRACTED OK: eyJhbGciOiJIUzI1NiJ9...
2026-05-30 11:49:27,341 INFO o.a.j.e.J.Extraer token: TOKEN EXTRACTED OK: eyJhbGciOiJIUzI1NiJ9...
2026-05-30 11:49:27,353 INFO o.a.j.e.J.Extraer token: TOKEN EXTRACTED OK: eyJhbGciOiJIUzI1NiJ9...
2026-05-30 11:49:27,491 INFO o.a.j.e.J.Extraer token: TOKEN EXTRACTED OK: eyJhbGciOiJIUzI1NiJ9...
2026-05-30 11:49:27,496 INFO o.a.j.e.J.Extraer token: TOKEN EXTRACTED OK: eyJhbGciOiJIUzI1NiJ9...
2026-05-30 11:49:27,496 INFO o.a.j.e.J.Extraer token: TOKEN EXTRACTED OK: eyJhbGciOiJIUzI1NiJ9...
2026-05-30 11:49:27,603 INFO o.a.j.e.J.Extraer token: TOKEN EXTRACTED OK: eyJhbGciOiJIUzI1NiJ9...
2026-05-30 11:49:27,722 INFO o.a.j.t.JMeterThread: Thread is done: Usuarios Concurrentes (50) 1-21
2026-05-30 11:49:27,722 INFO o.a.j.t.JMeterThread: Thread finished: Usuarios Concurrentes (50) 1-21
2026-05-30 11:49:27,737 INFO o.a.j.e.J.Extraer token: TOKEN EXTRACTED OK: eyJhbGciOiJIUzI1NiJ9...
2026-05-30 11:49:27,749 INFO o.a.j.e.J.Extraer token: TOKEN EXTRACTED OK: eyJhbGciOiJIUzI1NiJ9...
2026-05-30 11:49:27,770 INFO o.a.j.e.J.Extraer token: TOKEN EXTRACTED OK: eyJhbGciOiJIUzI1NiJ9...
2026-05-30 11:49:27,771 INFO o.a.j.e.J.Extraer token: TOKEN EXTRACTED OK: eyJhbGciOiJIUzI1NiJ9...
2026-05-30 11:49:27,783 INFO o.a.j.e.J.Extraer token: TOKEN EXTRACTED OK: eyJhbGciOiJIUzI1NiJ9...
2026-05-30 11:49:27,832 INFO o.a.j.e.J.Extraer token: TOKEN EXTRACTED OK: eyJhbGciOiJIUzI1NiJ9...
2026-05-30 11:49:27,846 INFO o.a.j.t.JMeterThread: Thread is done: Usuarios Concurrentes (50) 1-4
2026-05-30 11:49:27,846 INFO o.a.j.t.JMeterThread: Thread finished: Usuarios Concurrentes (50) 1-4
2026-05-30 11:49:27,870 INFO o.a.j.e.J.Extraer token: TOKEN EXTRACTED OK: eyJhbGciOiJIUzI1NiJ9...
2026-05-30 11:49:27,907 INFO o.a.j.e.J.Extraer token: TOKEN EXTRACTED OK: eyJhbGciOiJIUzI1NiJ9...
2026-05-30 11:49:27,914 INFO o.a.j.e.J.Extraer token: TOKEN EXTRACTED OK: eyJhbGciOiJIUzI1NiJ9...
2026-05-30 11:49:27,942 INFO o.a.j.e.J.Extraer token: TOKEN EXTRACTED OK: eyJhbGciOiJIUzI1NiJ9...
2026-05-30 11:49:28,037 INFO o.a.j.t.JMeterThread: Thread is done: Usuarios Concurrentes (50) 1-11
2026-05-30 11:49:28,037 INFO o.a.j.t.JMeterThread: Thread finished: Usuarios Concurrentes (50) 1-11
2026-05-30 11:49:28,038 INFO o.a.j.e.J.Extraer token: TOKEN EXTRACTED OK: eyJhbGciOiJIUzI1NiJ9...
2026-05-30 11:49:28,038 INFO o.a.j.e.J.Extraer token: TOKEN EXTRACTED OK: eyJhbGciOiJIUzI1NiJ9...
2026-05-30 11:49:28,063 INFO o.a.j.e.J.Extraer token: TOKEN EXTRACTED OK: eyJhbGciOiJIUzI1NiJ9...
2026-05-30 11:49:28,102 INFO o.a.j.e.J.Extraer token: TOKEN EXTRACTED OK: eyJhbGciOiJIUzI1NiJ9...
2026-05-30 11:49:28,103 INFO o.a.j.e.J.Extraer token: TOKEN EXTRACTED OK: eyJhbGciOiJIUzI1NiJ9...
2026-05-30 11:49:28,106 INFO o.a.j.e.J.Extraer token: TOKEN EXTRACTED OK: eyJhbGciOiJIUzI1NiJ9...
2026-05-30 11:49:28,208 INFO o.a.j.t.JMeterThread: Thread is done: Usuarios Concurrentes (50) 1-1
2026-05-30 11:49:28,208 INFO o.a.j.t.JMeterThread: Thread finished: Usuarios Concurrentes (50) 1-1
2026-05-30 11:49:28,210 INFO o.a.j.t.JMeterThread: Thread is done: Usuarios Concurrentes (50) 1-5
2026-05-30 11:49:28,211 INFO o.a.j.t.JMeterThread: Thread finished: Usuarios Concurrentes (50) 1-5
2026-05-30 11:49:28,214 INFO o.a.j.e.J.Extraer token: TOKEN EXTRACTED OK: eyJhbGciOiJIUzI1NiJ9...
2026-05-30 11:49:28,215 INFO o.a.j.e.J.Extraer token: TOKEN EXTRACTED OK: eyJhbGciOiJIUzI1NiJ9...
2026-05-30 11:49:28,272 INFO o.a.j.t.JMeterThread: Thread is done: Usuarios Concurrentes (50) 1-6
2026-05-30 11:49:28,273 INFO o.a.j.t.JMeterThread: Thread finished: Usuarios Concurrentes (50) 1-6
2026-05-30 11:49:28,333 INFO o.a.j.t.JMeterThread: Thread is done: Usuarios Concurrentes (50) 1-7
2026-05-30 11:49:28,333 INFO o.a.j.t.JMeterThread: Thread finished: Usuarios Concurrentes (50) 1-7
2026-05-30 11:49:28,346 INFO o.a.j.e.J.Extraer token: TOKEN EXTRACTED OK: eyJhbGciOiJIUzI1NiJ9...
2026-05-30 11:49:28,421 INFO o.a.j.e.J.Extraer token: TOKEN EXTRACTED OK: eyJhbGciOiJIUzI1NiJ9...
2026-05-30 11:49:28,468 INFO o.a.j.t.JMeterThread: Thread is done: Usuarios Concurrentes (50) 1-9
2026-05-30 11:49:28,468 INFO o.a.j.t.JMeterThread: Thread finished: Usuarios Concurrentes (50) 1-9
2026-05-30 11:49:28,470 INFO o.a.j.e.J.Extraer token: TOKEN EXTRACTED OK: eyJhbGciOiJIUzI1NiJ9...
2026-05-30 11:49:28,524 INFO o.a.j.e.J.Extraer token: TOKEN EXTRACTED OK: eyJhbGciOiJIUzI1NiJ9...
2026-05-30 11:49:28,526 INFO o.a.j.t.JMeterThread: Thread is done: Usuarios Concurrentes (50) 1-10
2026-05-30 11:49:28,527 INFO o.a.j.t.JMeterThread: Thread finished: Usuarios Concurrentes (50) 1-10
2026-05-30 11:49:28,532 INFO o.a.j.t.JMeterThread: Thread is done: Usuarios Concurrentes (50) 1-13
2026-05-30 11:49:28,532 INFO o.a.j.t.JMeterThread: Thread finished: Usuarios Concurrentes (50) 1-13
2026-05-30 11:49:28,546 INFO o.a.j.e.J.Extraer token: TOKEN EXTRACTED OK: eyJhbGciOiJIUzI1NiJ9...
2026-05-30 11:49:28,647 INFO o.a.j.e.J.Extraer token: TOKEN EXTRACTED OK: eyJhbGciOiJIUzI1NiJ9...
2026-05-30 11:49:28,694 INFO o.a.j.t.JMeterThread: Thread is done: Usuarios Concurrentes (50) 1-2
2026-05-30 11:49:28,694 INFO o.a.j.t.JMeterThread: Thread finished: Usuarios Concurrentes (50) 1-2
2026-05-30 11:49:28,785 INFO o.a.j.t.JMeterThread: Thread is done: Usuarios Concurrentes (50) 1-3
2026-05-30 11:49:28,785 INFO o.a.j.t.JMeterThread: Thread finished: Usuarios Concurrentes (50) 1-3
2026-05-30 11:49:28,855 INFO o.a.j.e.J.Extraer token: TOKEN EXTRACTED OK: eyJhbGciOiJIUzI1NiJ9...
2026-05-30 11:49:28,945 INFO o.a.j.e.J.Extraer token: TOKEN EXTRACTED OK: eyJhbGciOiJIUzI1NiJ9...
2026-05-30 11:49:28,946 INFO o.a.j.e.J.Extraer token: TOKEN EXTRACTED OK: eyJhbGciOiJIUzI1NiJ9...
2026-05-30 11:49:28,970 INFO o.a.j.e.J.Extraer token: TOKEN EXTRACTED OK: eyJhbGciOiJIUzI1NiJ9...
2026-05-30 11:49:29,006 INFO o.a.j.e.J.Extraer token: TOKEN EXTRACTED OK: eyJhbGciOiJIUzI1NiJ9...
2026-05-30 11:49:29,093 INFO o.a.j.e.J.Extraer token: TOKEN EXTRACTED OK: eyJhbGciOiJIUzI1NiJ9...
2026-05-30 11:49:29,109 INFO o.a.j.e.J.Extraer token: TOKEN EXTRACTED OK: eyJhbGciOiJIUzI1NiJ9...
2026-05-30 11:49:29,116 INFO o.a.j.t.JMeterThread: Thread is done: Usuarios Concurrentes (50) 1-8
2026-05-30 11:49:29,117 INFO o.a.j.t.JMeterThread: Thread finished: Usuarios Concurrentes (50) 1-8
2026-05-30 11:49:29,198 INFO o.a.j.e.J.Extraer token: TOKEN EXTRACTED OK: eyJhbGciOiJIUzI1NiJ9...
2026-05-30 11:49:29,208 INFO o.a.j.e.J.Extraer token: TOKEN EXTRACTED OK: eyJhbGciOiJIUzI1NiJ9...
2026-05-30 11:49:29,209 INFO o.a.j.e.J.Extraer token: TOKEN EXTRACTED OK: eyJhbGciOiJIUzI1NiJ9...
2026-05-30 11:49:29,282 INFO o.a.j.e.J.Extraer token: TOKEN EXTRACTED OK: eyJhbGciOiJIUzI1NiJ9...
2026-05-30 11:49:29,316 INFO o.a.j.t.JMeterThread: Thread is done: Usuarios Concurrentes (50) 1-14
2026-05-30 11:49:29,316 INFO o.a.j.t.JMeterThread: Thread finished: Usuarios Concurrentes (50) 1-14
2026-05-30 11:49:29,402 INFO o.a.j.e.J.Extraer token: TOKEN EXTRACTED OK: eyJhbGciOiJIUzI1NiJ9...
2026-05-30 11:49:29,446 INFO o.a.j.e.J.Extraer token: TOKEN EXTRACTED OK: eyJhbGciOiJIUzI1NiJ9...
2026-05-30 11:49:29,449 INFO o.a.j.e.J.Extraer token: TOKEN EXTRACTED OK: eyJhbGciOiJIUzI1NiJ9...
2026-05-30 11:49:29,576 INFO o.a.j.e.J.Extraer token: TOKEN EXTRACTED OK: eyJhbGciOiJIUzI1NiJ9...
2026-05-30 11:49:29,576 INFO o.a.j.e.J.Extraer token: TOKEN EXTRACTED OK: eyJhbGciOiJIUzI1NiJ9...
2026-05-30 11:49:29,612 INFO o.a.j.e.J.Extraer token: TOKEN EXTRACTED OK: eyJhbGciOiJIUzI1NiJ9...
2026-05-30 11:49:29,645 INFO o.a.j.e.J.Extraer token: TOKEN EXTRACTED OK: eyJhbGciOiJIUzI1NiJ9...
2026-05-30 11:49:29,658 INFO o.a.j.e.J.Extraer token: TOKEN EXTRACTED OK: eyJhbGciOiJIUzI1NiJ9...
2026-05-30 11:49:29,688 INFO o.a.j.e.J.Extraer token: TOKEN EXTRACTED OK: eyJhbGciOiJIUzI1NiJ9...
2026-05-30 11:49:29,746 INFO o.a.j.t.JMeterThread: Thread is done: Usuarios Concurrentes (50) 1-12
2026-05-30 11:49:29,747 INFO o.a.j.t.JMeterThread: Thread finished: Usuarios Concurrentes (50) 1-12
2026-05-30 11:49:29,748 INFO o.a.j.t.JMeterThread: Thread is done: Usuarios Concurrentes (50) 1-23
2026-05-30 11:49:29,748 INFO o.a.j.t.JMeterThread: Thread finished: Usuarios Concurrentes (50) 1-23
2026-05-30 11:49:29,753 INFO o.a.j.e.J.Extraer token: TOKEN EXTRACTED OK: eyJhbGciOiJIUzI1NiJ9...
2026-05-30 11:49:29,753 INFO o.a.j.e.J.Extraer token: TOKEN EXTRACTED OK: eyJhbGciOiJIUzI1NiJ9...
2026-05-30 11:49:29,761 INFO o.a.j.e.J.Extraer token: TOKEN EXTRACTED OK: eyJhbGciOiJIUzI1NiJ9...
2026-05-30 11:49:29,775 INFO o.a.j.e.J.Extraer token: TOKEN EXTRACTED OK: eyJhbGciOiJIUzI1NiJ9...
2026-05-30 11:49:29,834 INFO o.a.j.e.J.Extraer token: TOKEN EXTRACTED OK: eyJhbGciOiJIUzI1NiJ9...
2026-05-30 11:49:29,848 INFO o.a.j.e.J.Extraer token: TOKEN EXTRACTED OK: eyJhbGciOiJIUzI1NiJ9...
2026-05-30 11:49:29,861 INFO o.a.j.e.J.Extraer token: TOKEN EXTRACTED OK: eyJhbGciOiJIUzI1NiJ9...
2026-05-30 11:49:29,891 INFO o.a.j.e.J.Extraer token: TOKEN EXTRACTED OK: eyJhbGciOiJIUzI1NiJ9...
2026-05-30 11:49:29,906 INFO o.a.j.e.J.Extraer token: TOKEN EXTRACTED OK: eyJhbGciOiJIUzI1NiJ9...
2026-05-30 11:49:29,957 INFO o.a.j.e.J.Extraer token: TOKEN EXTRACTED OK: eyJhbGciOiJIUzI1NiJ9...
2026-05-30 11:49:30,003 INFO o.a.j.t.JMeterThread: Thread is done: Usuarios Concurrentes (50) 1-16
2026-05-30 11:49:30,003 INFO o.a.j.t.JMeterThread: Thread finished: Usuarios Concurrentes (50) 1-16
2026-05-30 11:49:30,017 INFO o.a.j.t.JMeterThread: Thread is done: Usuarios Concurrentes (50) 1-26
2026-05-30 11:49:30,018 INFO o.a.j.t.JMeterThread: Thread finished: Usuarios Concurrentes (50) 1-26
2026-05-30 11:49:30,020 INFO o.a.j.e.J.Extraer token: TOKEN EXTRACTED OK: eyJhbGciOiJIUzI1NiJ9...
2026-05-30 11:49:30,038 INFO o.a.j.e.J.Extraer token: TOKEN EXTRACTED OK: eyJhbGciOiJIUzI1NiJ9...
2026-05-30 11:49:30,130 INFO o.a.j.e.J.Extraer token: TOKEN EXTRACTED OK: eyJhbGciOiJIUzI1NiJ9...
2026-05-30 11:49:30,141 INFO o.a.j.e.J.Extraer token: TOKEN EXTRACTED OK: eyJhbGciOiJIUzI1NiJ9...
2026-05-30 11:49:30,182 INFO o.a.j.t.JMeterThread: Thread is done: Usuarios Concurrentes (50) 1-35
2026-05-30 11:49:30,182 INFO o.a.j.t.JMeterThread: Thread finished: Usuarios Concurrentes (50) 1-35
2026-05-30 11:49:30,193 INFO o.a.j.e.J.Extraer token: TOKEN EXTRACTED OK: eyJhbGciOiJIUzI1NiJ9...
2026-05-30 11:49:30,230 INFO o.a.j.e.J.Extraer token: TOKEN EXTRACTED OK: eyJhbGciOiJIUzI1NiJ9...
2026-05-30 11:49:30,244 INFO o.a.j.e.J.Extraer token: TOKEN EXTRACTED OK: eyJhbGciOiJIUzI1NiJ9...
2026-05-30 11:49:30,287 INFO o.a.j.e.J.Extraer token: TOKEN EXTRACTED OK: eyJhbGciOiJIUzI1NiJ9...
2026-05-30 11:49:30,287 INFO o.a.j.e.J.Extraer token: TOKEN EXTRACTED OK: eyJhbGciOiJIUzI1NiJ9...
2026-05-30 11:49:30,453 INFO o.a.j.e.J.Extraer token: TOKEN EXTRACTED OK: eyJhbGciOiJIUzI1NiJ9...
2026-05-30 11:49:30,492 INFO o.a.j.e.J.Extraer token: TOKEN EXTRACTED OK: eyJhbGciOiJIUzI1NiJ9...
2026-05-30 11:49:30,507 INFO o.a.j.e.J.Extraer token: TOKEN EXTRACTED OK: eyJhbGciOiJIUzI1NiJ9...
2026-05-30 11:49:30,556 INFO o.a.j.e.J.Extraer token: TOKEN EXTRACTED OK: eyJhbGciOiJIUzI1NiJ9...
2026-05-30 11:49:30,677 INFO o.a.j.t.JMeterThread: Thread is done: Usuarios Concurrentes (50) 1-15
2026-05-30 11:49:30,677 INFO o.a.j.t.JMeterThread: Thread finished: Usuarios Concurrentes (50) 1-15
2026-05-30 11:49:30,741 INFO o.a.j.e.J.Extraer token: TOKEN EXTRACTED OK: eyJhbGciOiJIUzI1NiJ9...
2026-05-30 11:49:30,754 INFO o.a.j.t.JMeterThread: Thread is done: Usuarios Concurrentes (50) 1-18
2026-05-30 11:49:30,754 INFO o.a.j.t.JMeterThread: Thread finished: Usuarios Concurrentes (50) 1-18
2026-05-30 11:49:30,795 INFO o.a.j.t.JMeterThread: Thread is done: Usuarios Concurrentes (50) 1-19
2026-05-30 11:49:30,795 INFO o.a.j.t.JMeterThread: Thread finished: Usuarios Concurrentes (50) 1-19
2026-05-30 11:49:30,851 INFO o.a.j.e.J.Extraer token: TOKEN EXTRACTED OK: eyJhbGciOiJIUzI1NiJ9...
2026-05-30 11:49:30,855 INFO o.a.j.e.J.Extraer token: TOKEN EXTRACTED OK: eyJhbGciOiJIUzI1NiJ9...
2026-05-30 11:49:30,908 INFO o.a.j.e.J.Extraer token: TOKEN EXTRACTED OK: eyJhbGciOiJIUzI1NiJ9...
2026-05-30 11:49:30,939 INFO o.a.j.t.JMeterThread: Thread is done: Usuarios Concurrentes (50) 1-17
2026-05-30 11:49:30,939 INFO o.a.j.t.JMeterThread: Thread finished: Usuarios Concurrentes (50) 1-17
2026-05-30 11:49:31,038 INFO o.a.j.e.J.Extraer token: TOKEN EXTRACTED OK: eyJhbGciOiJIUzI1NiJ9...
2026-05-30 11:49:31,076 INFO o.a.j.e.J.Extraer token: TOKEN EXTRACTED OK: eyJhbGciOiJIUzI1NiJ9...
2026-05-30 11:49:31,168 INFO o.a.j.t.JMeterThread: Thread is done: Usuarios Concurrentes (50) 1-20
2026-05-30 11:49:31,169 INFO o.a.j.t.JMeterThread: Thread finished: Usuarios Concurrentes (50) 1-20
2026-05-30 11:49:31,210 INFO o.a.j.e.J.Extraer token: TOKEN EXTRACTED OK: eyJhbGciOiJIUzI1NiJ9...
2026-05-30 11:49:31,293 INFO o.a.j.e.J.Extraer token: TOKEN EXTRACTED OK: eyJhbGciOiJIUzI1NiJ9...
2026-05-30 11:49:31,322 INFO o.a.j.e.J.Extraer token: TOKEN EXTRACTED OK: eyJhbGciOiJIUzI1NiJ9...
2026-05-30 11:49:31,433 INFO o.a.j.t.JMeterThread: Thread is done: Usuarios Concurrentes (50) 1-25
2026-05-30 11:49:31,433 INFO o.a.j.e.J.Extraer token: TOKEN EXTRACTED OK: eyJhbGciOiJIUzI1NiJ9...
2026-05-30 11:49:31,433 INFO o.a.j.t.JMeterThread: Thread finished: Usuarios Concurrentes (50) 1-25
2026-05-30 11:49:31,458 INFO o.a.j.e.J.Extraer token: TOKEN EXTRACTED OK: eyJhbGciOiJIUzI1NiJ9...
2026-05-30 11:49:31,486 INFO o.a.j.e.J.Extraer token: TOKEN EXTRACTED OK: eyJhbGciOiJIUzI1NiJ9...
2026-05-30 11:49:31,486 INFO o.a.j.e.J.Extraer token: TOKEN EXTRACTED OK: eyJhbGciOiJIUzI1NiJ9...
2026-05-30 11:49:31,565 INFO o.a.j.e.J.Extraer token: TOKEN EXTRACTED OK: eyJhbGciOiJIUzI1NiJ9...
2026-05-30 11:49:31,621 INFO o.a.j.e.J.Extraer token: TOKEN EXTRACTED OK: eyJhbGciOiJIUzI1NiJ9...
2026-05-30 11:49:31,635 INFO o.a.j.e.J.Extraer token: TOKEN EXTRACTED OK: eyJhbGciOiJIUzI1NiJ9...
2026-05-30 11:49:31,709 INFO o.a.j.e.J.Extraer token: TOKEN EXTRACTED OK: eyJhbGciOiJIUzI1NiJ9...
2026-05-30 11:49:31,711 INFO o.a.j.t.JMeterThread: Thread is done: Usuarios Concurrentes (50) 1-28
2026-05-30 11:49:31,711 INFO o.a.j.t.JMeterThread: Thread finished: Usuarios Concurrentes (50) 1-28
2026-05-30 11:49:31,725 INFO o.a.j.e.J.Extraer token: TOKEN EXTRACTED OK: eyJhbGciOiJIUzI1NiJ9...
2026-05-30 11:49:31,782 INFO o.a.j.t.JMeterThread: Thread is done: Usuarios Concurrentes (50) 1-30
2026-05-30 11:49:31,785 INFO o.a.j.t.JMeterThread: Thread finished: Usuarios Concurrentes (50) 1-30
2026-05-30 11:49:31,786 INFO o.a.j.t.JMeterThread: Thread is done: Usuarios Concurrentes (50) 1-38
2026-05-30 11:49:31,786 INFO o.a.j.t.JMeterThread: Thread finished: Usuarios Concurrentes (50) 1-38
2026-05-30 11:49:31,798 INFO o.a.j.e.J.Extraer token: TOKEN EXTRACTED OK: eyJhbGciOiJIUzI1NiJ9...
2026-05-30 11:49:31,843 INFO o.a.j.t.JMeterThread: Thread is done: Usuarios Concurrentes (50) 1-31
2026-05-30 11:49:31,843 INFO o.a.j.t.JMeterThread: Thread finished: Usuarios Concurrentes (50) 1-31
2026-05-30 11:49:31,867 INFO o.a.j.t.JMeterThread: Thread is done: Usuarios Concurrentes (50) 1-22
2026-05-30 11:49:31,868 INFO o.a.j.t.JMeterThread: Thread finished: Usuarios Concurrentes (50) 1-22
2026-05-30 11:49:31,870 INFO o.a.j.e.J.Extraer token: TOKEN EXTRACTED OK: eyJhbGciOiJIUzI1NiJ9...
2026-05-30 11:49:31,877 INFO o.a.j.t.JMeterThread: Thread is done: Usuarios Concurrentes (50) 1-27
2026-05-30 11:49:31,878 INFO o.a.j.t.JMeterThread: Thread finished: Usuarios Concurrentes (50) 1-27
2026-05-30 11:49:31,946 INFO o.a.j.e.J.Extraer token: TOKEN EXTRACTED OK: eyJhbGciOiJIUzI1NiJ9...
2026-05-30 11:49:31,952 INFO o.a.j.t.JMeterThread: Thread is done: Usuarios Concurrentes (50) 1-33
2026-05-30 11:49:31,952 INFO o.a.j.t.JMeterThread: Thread finished: Usuarios Concurrentes (50) 1-33
2026-05-30 11:49:32,120 INFO o.a.j.e.J.Extraer token: TOKEN EXTRACTED OK: eyJhbGciOiJIUzI1NiJ9...
2026-05-30 11:49:32,207 INFO o.a.j.e.J.Extraer token: TOKEN EXTRACTED OK: eyJhbGciOiJIUzI1NiJ9...
2026-05-30 11:49:32,218 INFO o.a.j.e.J.Extraer token: TOKEN EXTRACTED OK: eyJhbGciOiJIUzI1NiJ9...
2026-05-30 11:49:32,277 INFO o.a.j.e.J.Extraer token: TOKEN EXTRACTED OK: eyJhbGciOiJIUzI1NiJ9...
2026-05-30 11:49:32,313 INFO o.a.j.e.J.Extraer token: TOKEN EXTRACTED OK: eyJhbGciOiJIUzI1NiJ9...
2026-05-30 11:49:32,324 INFO o.a.j.e.J.Extraer token: TOKEN EXTRACTED OK: eyJhbGciOiJIUzI1NiJ9...
2026-05-30 11:49:32,374 INFO o.a.j.e.J.Extraer token: TOKEN EXTRACTED OK: eyJhbGciOiJIUzI1NiJ9...
2026-05-30 11:49:32,375 INFO o.a.j.t.JMeterThread: Thread is done: Usuarios Concurrentes (50) 1-34
2026-05-30 11:49:32,375 INFO o.a.j.t.JMeterThread: Thread finished: Usuarios Concurrentes (50) 1-34
2026-05-30 11:49:32,402 INFO o.a.j.t.JMeterThread: Thread is done: Usuarios Concurrentes (50) 1-40
2026-05-30 11:49:32,402 INFO o.a.j.t.JMeterThread: Thread finished: Usuarios Concurrentes (50) 1-40
2026-05-30 11:49:32,436 INFO o.a.j.t.JMeterThread: Thread is done: Usuarios Concurrentes (50) 1-37
2026-05-30 11:49:32,436 INFO o.a.j.t.JMeterThread: Thread finished: Usuarios Concurrentes (50) 1-37
2026-05-30 11:49:32,437 INFO o.a.j.t.JMeterThread: Thread is done: Usuarios Concurrentes (50) 1-36
2026-05-30 11:49:32,437 INFO o.a.j.t.JMeterThread: Thread finished: Usuarios Concurrentes (50) 1-36
2026-05-30 11:49:32,438 INFO o.a.j.t.JMeterThread: Thread is done: Usuarios Concurrentes (50) 1-41
2026-05-30 11:49:32,439 INFO o.a.j.t.JMeterThread: Thread finished: Usuarios Concurrentes (50) 1-41
2026-05-30 11:49:32,471 INFO o.a.j.t.JMeterThread: Thread is done: Usuarios Concurrentes (50) 1-49
2026-05-30 11:49:32,471 INFO o.a.j.t.JMeterThread: Thread finished: Usuarios Concurrentes (50) 1-49
2026-05-30 11:49:32,497 INFO o.a.j.t.JMeterThread: Thread is done: Usuarios Concurrentes (50) 1-24
2026-05-30 11:49:32,497 INFO o.a.j.t.JMeterThread: Thread finished: Usuarios Concurrentes (50) 1-24
2026-05-30 11:49:32,498 INFO o.a.j.t.JMeterThread: Thread is done: Usuarios Concurrentes (50) 1-43
2026-05-30 11:49:32,498 INFO o.a.j.t.JMeterThread: Thread is done: Usuarios Concurrentes (50) 1-29
2026-05-30 11:49:32,499 INFO o.a.j.t.JMeterThread: Thread finished: Usuarios Concurrentes (50) 1-43
2026-05-30 11:49:32,499 INFO o.a.j.t.JMeterThread: Thread finished: Usuarios Concurrentes (50) 1-29
2026-05-30 11:49:32,552 INFO o.a.j.e.J.Extraer token: TOKEN EXTRACTED OK: eyJhbGciOiJIUzI1NiJ9...
2026-05-30 11:49:32,554 INFO o.a.j.t.JMeterThread: Thread is done: Usuarios Concurrentes (50) 1-32
2026-05-30 11:49:32,554 INFO o.a.j.t.JMeterThread: Thread finished: Usuarios Concurrentes (50) 1-32
2026-05-30 11:49:32,578 INFO o.a.j.t.JMeterThread: Thread is done: Usuarios Concurrentes (50) 1-50
2026-05-30 11:49:32,578 INFO o.a.j.t.JMeterThread: Thread finished: Usuarios Concurrentes (50) 1-50
2026-05-30 11:49:32,590 INFO o.a.j.t.JMeterThread: Thread is done: Usuarios Concurrentes (50) 1-39
2026-05-30 11:49:32,590 INFO o.a.j.t.JMeterThread: Thread finished: Usuarios Concurrentes (50) 1-39
2026-05-30 11:49:32,618 INFO o.a.j.e.J.Extraer token: TOKEN EXTRACTED OK: eyJhbGciOiJIUzI1NiJ9...
2026-05-30 11:49:32,620 INFO o.a.j.t.JMeterThread: Thread is done: Usuarios Concurrentes (50) 1-46
2026-05-30 11:49:32,620 INFO o.a.j.t.JMeterThread: Thread finished: Usuarios Concurrentes (50) 1-46
2026-05-30 11:49:32,642 INFO o.a.j.t.JMeterThread: Thread is done: Usuarios Concurrentes (50) 1-48
2026-05-30 11:49:32,642 INFO o.a.j.t.JMeterThread: Thread finished: Usuarios Concurrentes (50) 1-48
2026-05-30 11:49:32,656 INFO o.a.j.t.JMeterThread: Thread is done: Usuarios Concurrentes (50) 1-47
2026-05-30 11:49:32,656 INFO o.a.j.t.JMeterThread: Thread is done: Usuarios Concurrentes (50) 1-42
2026-05-30 11:49:32,656 INFO o.a.j.t.JMeterThread: Thread finished: Usuarios Concurrentes (50) 1-47
2026-05-30 11:49:32,656 INFO o.a.j.t.JMeterThread: Thread finished: Usuarios Concurrentes (50) 1-42
2026-05-30 11:49:32,707 INFO o.a.j.t.JMeterThread: Thread is done: Usuarios Concurrentes (50) 1-44
2026-05-30 11:49:32,707 INFO o.a.j.t.JMeterThread: Thread finished: Usuarios Concurrentes (50) 1-44
2026-05-30 11:49:32,731 INFO o.a.j.t.JMeterThread: Thread is done: Usuarios Concurrentes (50) 1-45
2026-05-30 11:49:32,731 INFO o.a.j.t.JMeterThread: Thread finished: Usuarios Concurrentes (50) 1-45
2026-05-30 11:49:32,731 INFO o.a.j.e.StandardJMeterEngine: Starting tearDown thread groups
2026-05-30 11:49:32,731 INFO o.a.j.e.StandardJMeterEngine: Starting tearDown ThreadGroup: 1 : TearDown - Limpiar listas huerfanas
2026-05-30 11:49:32,732 INFO o.a.j.e.StandardJMeterEngine: Starting 1 threads for group TearDown - Limpiar listas huerfanas.
2026-05-30 11:49:32,732 INFO o.a.j.e.StandardJMeterEngine: Thread will continue on error
2026-05-30 11:49:32,732 INFO o.a.j.t.ThreadGroup: Starting thread group... number=1 threads=1 ramp-up=1 delayedStart=false
2026-05-30 11:49:32,732 INFO o.a.j.t.ThreadGroup: Started thread group number 1
2026-05-30 11:49:32,733 INFO o.a.j.t.JMeterThread: Thread started: TearDown - Limpiar listas huerfanas 1-1
2026-05-30 11:49:33,115 INFO o.a.j.e.J.Borrar listas huerfanas: TEARDOWN: borradas 34 listas huerfanas
2026-05-30 11:49:33,115 INFO o.a.j.t.JMeterThread: Thread is done: TearDown - Limpiar listas huerfanas 1-1
2026-05-30 11:49:33,115 INFO o.a.j.t.JMeterThread: Thread finished: TearDown - Limpiar listas huerfanas 1-1
2026-05-30 11:49:33,115 INFO o.a.j.e.StandardJMeterEngine: Notifying test listeners of end of test
2026-05-30 11:49:33,118 INFO o.a.j.g.u.JMeterMenuBar: setRunning(false, *local*)
2026-05-30 11:50:51,896 INFO o.a.j.e.StandardJMeterEngine: Running the test!
2026-05-30 11:50:51,903 INFO o.a.j.s.SampleEvent: List of sample_variables: []
2026-05-30 11:50:51,909 INFO o.a.j.g.u.JMeterMenuBar: setRunning(true, *local*)
2026-05-30 11:50:51,916 INFO o.a.j.e.StandardJMeterEngine: Starting setUp thread groups
2026-05-30 11:50:51,916 INFO o.a.j.e.StandardJMeterEngine: Starting setUp ThreadGroup: 1 : Set Up - Registrar usuario 
2026-05-30 11:50:51,917 INFO o.a.j.e.StandardJMeterEngine: Starting 1 threads for group Set Up - Registrar usuario.
2026-05-30 11:50:51,917 INFO o.a.j.e.StandardJMeterEngine: Thread will continue on error
2026-05-30 11:50:51,917 INFO o.a.j.t.ThreadGroup: Starting thread group... number=1 threads=1 ramp-up=1 delayedStart=false
2026-05-30 11:50:51,917 INFO o.a.j.t.ThreadGroup: Started thread group number 1
2026-05-30 11:50:51,918 INFO o.a.j.e.StandardJMeterEngine: Waiting for all setup thread groups to exit
2026-05-30 11:50:51,918 INFO o.a.j.t.JMeterThread: Thread started: Set Up - Registrar usuario 1-1
2026-05-30 11:50:52,028 INFO o.a.j.t.JMeterThread: Thread is done: Set Up - Registrar usuario 1-1
2026-05-30 11:50:52,028 INFO o.a.j.t.JMeterThread: Thread finished: Set Up - Registrar usuario 1-1
2026-05-30 11:50:52,028 INFO o.a.j.e.StandardJMeterEngine: All Setup Threads have ended
2026-05-30 11:50:52,129 INFO o.a.j.e.StandardJMeterEngine: Starting ThreadGroup: 1 : Usuarios Concurrentes (50)
2026-05-30 11:50:52,129 INFO o.a.j.e.StandardJMeterEngine: Starting 50 threads for group Usuarios Concurrentes (50).
2026-05-30 11:50:52,129 INFO o.a.j.e.StandardJMeterEngine: Thread will start next loop on error
2026-05-30 11:50:52,129 INFO o.a.j.t.ThreadGroup: Starting thread group... number=1 threads=50 ramp-up=5 delayedStart=false
2026-05-30 11:50:52,130 INFO o.a.j.t.JMeterThread: Thread started: Usuarios Concurrentes (50) 1-1
2026-05-30 11:50:52,155 INFO o.a.j.t.ThreadGroup: Started thread group number 1
2026-05-30 11:50:52,155 INFO o.a.j.e.StandardJMeterEngine: All thread groups have been started
2026-05-30 11:50:52,230 INFO o.a.j.t.JMeterThread: Thread started: Usuarios Concurrentes (50) 1-2
2026-05-30 11:50:52,239 INFO o.a.j.e.J.Extraer token: TOKEN EXTRACTED OK: eyJhbGciOiJIUzI1NiJ9...
2026-05-30 11:50:52,316 INFO o.a.j.e.J.Extraer token: TOKEN EXTRACTED OK: eyJhbGciOiJIUzI1NiJ9...
2026-05-30 11:50:52,330 INFO o.a.j.t.JMeterThread: Thread started: Usuarios Concurrentes (50) 1-3
2026-05-30 11:50:52,429 INFO o.a.j.e.J.Extraer token: TOKEN EXTRACTED OK: eyJhbGciOiJIUzI1NiJ9...
2026-05-30 11:50:52,430 INFO o.a.j.t.JMeterThread: Thread started: Usuarios Concurrentes (50) 1-4
2026-05-30 11:50:52,503 INFO o.a.j.e.J.Extraer token: TOKEN EXTRACTED OK: eyJhbGciOiJIUzI1NiJ9...
2026-05-30 11:50:52,520 INFO o.a.j.e.J.Extraer token: TOKEN EXTRACTED OK: eyJhbGciOiJIUzI1NiJ9...
2026-05-30 11:50:52,530 INFO o.a.j.t.JMeterThread: Thread started: Usuarios Concurrentes (50) 1-5
2026-05-30 11:50:52,566 INFO o.a.j.e.J.Extraer token: TOKEN EXTRACTED OK: eyJhbGciOiJIUzI1NiJ9...
2026-05-30 11:50:52,619 INFO o.a.j.e.J.Extraer token: TOKEN EXTRACTED OK: eyJhbGciOiJIUzI1NiJ9...
2026-05-30 11:50:52,629 INFO o.a.j.t.JMeterThread: Thread started: Usuarios Concurrentes (50) 1-6
2026-05-30 11:50:52,664 INFO o.a.j.e.J.Extraer token: TOKEN EXTRACTED OK: eyJhbGciOiJIUzI1NiJ9...
2026-05-30 11:50:52,718 INFO o.a.j.e.J.Extraer token: TOKEN EXTRACTED OK: eyJhbGciOiJIUzI1NiJ9...
2026-05-30 11:50:52,724 INFO o.a.j.e.J.Extraer token: TOKEN EXTRACTED OK: eyJhbGciOiJIUzI1NiJ9...
2026-05-30 11:50:52,730 INFO o.a.j.t.JMeterThread: Thread started: Usuarios Concurrentes (50) 1-7
2026-05-30 11:50:52,740 INFO o.a.j.e.J.Extraer token: TOKEN EXTRACTED OK: eyJhbGciOiJIUzI1NiJ9...
2026-05-30 11:50:52,779 INFO o.a.j.e.J.Extraer token: TOKEN EXTRACTED OK: eyJhbGciOiJIUzI1NiJ9...
2026-05-30 11:50:52,813 INFO o.a.j.e.J.Extraer token: TOKEN EXTRACTED OK: eyJhbGciOiJIUzI1NiJ9...
2026-05-30 11:50:52,824 INFO o.a.j.e.J.Extraer token: TOKEN EXTRACTED OK: eyJhbGciOiJIUzI1NiJ9...
2026-05-30 11:50:52,830 INFO o.a.j.t.JMeterThread: Thread started: Usuarios Concurrentes (50) 1-8
2026-05-30 11:50:52,869 INFO o.a.j.e.J.Extraer token: TOKEN EXTRACTED OK: eyJhbGciOiJIUzI1NiJ9...
2026-05-30 11:50:52,907 INFO o.a.j.e.J.Extraer token: TOKEN EXTRACTED OK: eyJhbGciOiJIUzI1NiJ9...
2026-05-30 11:50:52,914 INFO o.a.j.e.J.Extraer token: TOKEN EXTRACTED OK: eyJhbGciOiJIUzI1NiJ9...
2026-05-30 11:50:52,917 INFO o.a.j.e.J.Extraer token: TOKEN EXTRACTED OK: eyJhbGciOiJIUzI1NiJ9...
2026-05-30 11:50:52,926 INFO o.a.j.e.J.Extraer token: TOKEN EXTRACTED OK: eyJhbGciOiJIUzI1NiJ9...
2026-05-30 11:50:52,931 INFO o.a.j.t.JMeterThread: Thread started: Usuarios Concurrentes (50) 1-9
2026-05-30 11:50:52,933 INFO o.a.j.e.J.Extraer token: TOKEN EXTRACTED OK: eyJhbGciOiJIUzI1NiJ9...
2026-05-30 11:50:52,953 INFO o.a.j.e.J.Extraer token: TOKEN EXTRACTED OK: eyJhbGciOiJIUzI1NiJ9...
2026-05-30 11:50:52,986 INFO o.a.j.e.J.Extraer token: TOKEN EXTRACTED OK: eyJhbGciOiJIUzI1NiJ9...
2026-05-30 11:50:53,015 INFO o.a.j.e.J.Extraer token: TOKEN EXTRACTED OK: eyJhbGciOiJIUzI1NiJ9...
2026-05-30 11:50:53,030 INFO o.a.j.t.JMeterThread: Thread started: Usuarios Concurrentes (50) 1-10
2026-05-30 11:50:53,038 INFO o.a.j.e.J.Extraer token: TOKEN EXTRACTED OK: eyJhbGciOiJIUzI1NiJ9...
2026-05-30 11:50:53,085 INFO o.a.j.e.J.Extraer token: TOKEN EXTRACTED OK: eyJhbGciOiJIUzI1NiJ9...
2026-05-30 11:50:53,089 INFO o.a.j.e.J.Extraer token: TOKEN EXTRACTED OK: eyJhbGciOiJIUzI1NiJ9...
2026-05-30 11:50:53,103 INFO o.a.j.e.J.Extraer token: TOKEN EXTRACTED OK: eyJhbGciOiJIUzI1NiJ9...
2026-05-30 11:50:53,103 INFO o.a.j.e.J.Extraer token: TOKEN EXTRACTED OK: eyJhbGciOiJIUzI1NiJ9...
2026-05-30 11:50:53,104 INFO o.a.j.e.J.Extraer token: TOKEN EXTRACTED OK: eyJhbGciOiJIUzI1NiJ9...
2026-05-30 11:50:53,118 INFO o.a.j.e.J.Extraer token: TOKEN EXTRACTED OK: eyJhbGciOiJIUzI1NiJ9...
2026-05-30 11:50:53,124 INFO o.a.j.e.J.Extraer token: TOKEN EXTRACTED OK: eyJhbGciOiJIUzI1NiJ9...
2026-05-30 11:50:53,130 INFO o.a.j.t.JMeterThread: Thread started: Usuarios Concurrentes (50) 1-11
2026-05-30 11:50:53,159 INFO o.a.j.e.J.Extraer token: TOKEN EXTRACTED OK: eyJhbGciOiJIUzI1NiJ9...
2026-05-30 11:50:53,195 INFO o.a.j.e.J.Extraer token: TOKEN EXTRACTED OK: eyJhbGciOiJIUzI1NiJ9...
2026-05-30 11:50:53,199 INFO o.a.j.t.JMeterThread: Thread is done: Usuarios Concurrentes (50) 1-1
2026-05-30 11:50:53,199 INFO o.a.j.t.JMeterThread: Thread finished: Usuarios Concurrentes (50) 1-1
2026-05-30 11:50:53,215 INFO o.a.j.e.J.Extraer token: TOKEN EXTRACTED OK: eyJhbGciOiJIUzI1NiJ9...
2026-05-30 11:50:53,216 INFO o.a.j.e.J.Extraer token: TOKEN EXTRACTED OK: eyJhbGciOiJIUzI1NiJ9...
2026-05-30 11:50:53,231 INFO o.a.j.t.JMeterThread: Thread started: Usuarios Concurrentes (50) 1-12
2026-05-30 11:50:53,236 INFO o.a.j.t.JMeterThread: Thread is done: Usuarios Concurrentes (50) 1-2
2026-05-30 11:50:53,237 INFO o.a.j.t.JMeterThread: Thread finished: Usuarios Concurrentes (50) 1-2
2026-05-30 11:50:53,291 INFO o.a.j.e.J.Extraer token: TOKEN EXTRACTED OK: eyJhbGciOiJIUzI1NiJ9...
2026-05-30 11:50:53,299 INFO o.a.j.e.J.Extraer token: TOKEN EXTRACTED OK: eyJhbGciOiJIUzI1NiJ9...
2026-05-30 11:50:53,303 INFO o.a.j.e.J.Extraer token: TOKEN EXTRACTED OK: eyJhbGciOiJIUzI1NiJ9...
2026-05-30 11:50:53,310 INFO o.a.j.e.J.Extraer token: TOKEN EXTRACTED OK: eyJhbGciOiJIUzI1NiJ9...
2026-05-30 11:50:53,319 INFO o.a.j.e.J.Extraer token: TOKEN EXTRACTED OK: eyJhbGciOiJIUzI1NiJ9...
2026-05-30 11:50:53,322 INFO o.a.j.e.J.Extraer token: TOKEN EXTRACTED OK: eyJhbGciOiJIUzI1NiJ9...
2026-05-30 11:50:53,328 INFO o.a.j.t.JMeterThread: Thread is done: Usuarios Concurrentes (50) 1-3
2026-05-30 11:50:53,328 INFO o.a.j.t.JMeterThread: Thread finished: Usuarios Concurrentes (50) 1-3
2026-05-30 11:50:53,330 INFO o.a.j.t.JMeterThread: Thread started: Usuarios Concurrentes (50) 1-13
2026-05-30 11:50:53,361 INFO o.a.j.e.J.Extraer token: TOKEN EXTRACTED OK: eyJhbGciOiJIUzI1NiJ9...
2026-05-30 11:50:53,392 INFO o.a.j.e.J.Extraer token: TOKEN EXTRACTED OK: eyJhbGciOiJIUzI1NiJ9...
2026-05-30 11:50:53,410 INFO o.a.j.e.J.Extraer token: TOKEN EXTRACTED OK: eyJhbGciOiJIUzI1NiJ9...
2026-05-30 11:50:53,410 INFO o.a.j.e.J.Extraer token: TOKEN EXTRACTED OK: eyJhbGciOiJIUzI1NiJ9...
2026-05-30 11:50:53,430 INFO o.a.j.t.JMeterThread: Thread started: Usuarios Concurrentes (50) 1-14
2026-05-30 11:50:53,436 INFO o.a.j.t.JMeterThread: Thread is done: Usuarios Concurrentes (50) 1-4
2026-05-30 11:50:53,436 INFO o.a.j.t.JMeterThread: Thread finished: Usuarios Concurrentes (50) 1-4
2026-05-30 11:50:53,473 INFO o.a.j.t.JMeterThread: Thread is done: Usuarios Concurrentes (50) 1-5
2026-05-30 11:50:53,473 INFO o.a.j.t.JMeterThread: Thread finished: Usuarios Concurrentes (50) 1-5
2026-05-30 11:50:53,485 INFO o.a.j.e.J.Extraer token: TOKEN EXTRACTED OK: eyJhbGciOiJIUzI1NiJ9...
2026-05-30 11:50:53,488 INFO o.a.j.e.J.Extraer token: TOKEN EXTRACTED OK: eyJhbGciOiJIUzI1NiJ9...
2026-05-30 11:50:53,494 INFO o.a.j.e.J.Extraer token: TOKEN EXTRACTED OK: eyJhbGciOiJIUzI1NiJ9...
2026-05-30 11:50:53,499 INFO o.a.j.e.J.Extraer token: TOKEN EXTRACTED OK: eyJhbGciOiJIUzI1NiJ9...
2026-05-30 11:50:53,508 INFO o.a.j.e.J.Extraer token: TOKEN EXTRACTED OK: eyJhbGciOiJIUzI1NiJ9...
2026-05-30 11:50:53,525 INFO o.a.j.e.J.Extraer token: TOKEN EXTRACTED OK: eyJhbGciOiJIUzI1NiJ9...
2026-05-30 11:50:53,530 INFO o.a.j.t.JMeterThread: Thread started: Usuarios Concurrentes (50) 1-15
2026-05-30 11:50:53,585 INFO o.a.j.e.J.Extraer token: TOKEN EXTRACTED OK: eyJhbGciOiJIUzI1NiJ9...
2026-05-30 11:50:53,587 INFO o.a.j.t.JMeterThread: Thread is done: Usuarios Concurrentes (50) 1-6
2026-05-30 11:50:53,587 INFO o.a.j.t.JMeterThread: Thread finished: Usuarios Concurrentes (50) 1-6
2026-05-30 11:50:53,598 INFO o.a.j.e.J.Extraer token: TOKEN EXTRACTED OK: eyJhbGciOiJIUzI1NiJ9...
2026-05-30 11:50:53,601 INFO o.a.j.e.J.Extraer token: TOKEN EXTRACTED OK: eyJhbGciOiJIUzI1NiJ9...
2026-05-30 11:50:53,604 INFO o.a.j.t.JMeterThread: Thread is done: Usuarios Concurrentes (50) 1-7
2026-05-30 11:50:53,604 INFO o.a.j.t.JMeterThread: Thread finished: Usuarios Concurrentes (50) 1-7
2026-05-30 11:50:53,610 INFO o.a.j.e.J.Extraer token: TOKEN EXTRACTED OK: eyJhbGciOiJIUzI1NiJ9...
2026-05-30 11:50:53,630 INFO o.a.j.t.JMeterThread: Thread started: Usuarios Concurrentes (50) 1-16
2026-05-30 11:50:53,666 INFO o.a.j.e.J.Extraer token: TOKEN EXTRACTED OK: eyJhbGciOiJIUzI1NiJ9...
2026-05-30 11:50:53,685 INFO o.a.j.e.J.Extraer token: TOKEN EXTRACTED OK: eyJhbGciOiJIUzI1NiJ9...
2026-05-30 11:50:53,690 INFO o.a.j.e.J.Extraer token: TOKEN EXTRACTED OK: eyJhbGciOiJIUzI1NiJ9...
2026-05-30 11:50:53,710 INFO o.a.j.e.J.Extraer token: TOKEN EXTRACTED OK: eyJhbGciOiJIUzI1NiJ9...
2026-05-30 11:50:53,710 INFO o.a.j.e.J.Extraer token: TOKEN EXTRACTED OK: eyJhbGciOiJIUzI1NiJ9...
2026-05-30 11:50:53,730 INFO o.a.j.t.JMeterThread: Thread started: Usuarios Concurrentes (50) 1-17
2026-05-30 11:50:53,751 INFO o.a.j.e.J.Extraer token: TOKEN EXTRACTED OK: eyJhbGciOiJIUzI1NiJ9...
2026-05-30 11:50:53,761 INFO o.a.j.t.JMeterThread: Thread is done: Usuarios Concurrentes (50) 1-8
2026-05-30 11:50:53,761 INFO o.a.j.t.JMeterThread: Thread finished: Usuarios Concurrentes (50) 1-8
2026-05-30 11:50:53,762 INFO o.a.j.e.J.Extraer token: TOKEN EXTRACTED OK: eyJhbGciOiJIUzI1NiJ9...
2026-05-30 11:50:53,775 INFO o.a.j.e.J.Extraer token: TOKEN EXTRACTED OK: eyJhbGciOiJIUzI1NiJ9...
2026-05-30 11:50:53,783 INFO o.a.j.e.J.Extraer token: TOKEN EXTRACTED OK: eyJhbGciOiJIUzI1NiJ9...
2026-05-30 11:50:53,812 INFO o.a.j.e.J.Extraer token: TOKEN EXTRACTED OK: eyJhbGciOiJIUzI1NiJ9...
2026-05-30 11:50:53,831 INFO o.a.j.t.JMeterThread: Thread started: Usuarios Concurrentes (50) 1-18
2026-05-30 11:50:53,835 INFO o.a.j.e.J.Extraer token: TOKEN EXTRACTED OK: eyJhbGciOiJIUzI1NiJ9...
2026-05-30 11:50:53,840 INFO o.a.j.t.JMeterThread: Thread is done: Usuarios Concurrentes (50) 1-9
2026-05-30 11:50:53,840 INFO o.a.j.t.JMeterThread: Thread finished: Usuarios Concurrentes (50) 1-9
2026-05-30 11:50:53,870 INFO o.a.j.e.J.Extraer token: TOKEN EXTRACTED OK: eyJhbGciOiJIUzI1NiJ9...
2026-05-30 11:50:53,880 INFO o.a.j.e.J.Extraer token: TOKEN EXTRACTED OK: eyJhbGciOiJIUzI1NiJ9...
2026-05-30 11:50:53,884 INFO o.a.j.e.J.Extraer token: TOKEN EXTRACTED OK: eyJhbGciOiJIUzI1NiJ9...
2026-05-30 11:50:53,921 INFO o.a.j.e.J.Extraer token: TOKEN EXTRACTED OK: eyJhbGciOiJIUzI1NiJ9...
2026-05-30 11:50:53,934 INFO o.a.j.t.JMeterThread: Thread started: Usuarios Concurrentes (50) 1-19
2026-05-30 11:50:53,934 INFO o.a.j.e.J.Extraer token: TOKEN EXTRACTED OK: eyJhbGciOiJIUzI1NiJ9...
2026-05-30 11:50:53,953 INFO o.a.j.e.J.Extraer token: TOKEN EXTRACTED OK: eyJhbGciOiJIUzI1NiJ9...
2026-05-30 11:50:53,963 INFO o.a.j.e.J.Extraer token: TOKEN EXTRACTED OK: eyJhbGciOiJIUzI1NiJ9...
2026-05-30 11:50:53,967 INFO o.a.j.t.JMeterThread: Thread is done: Usuarios Concurrentes (50) 1-10
2026-05-30 11:50:53,967 INFO o.a.j.t.JMeterThread: Thread finished: Usuarios Concurrentes (50) 1-10
2026-05-30 11:50:54,004 INFO o.a.j.e.J.Extraer token: TOKEN EXTRACTED OK: eyJhbGciOiJIUzI1NiJ9...
2026-05-30 11:50:54,026 INFO o.a.j.e.J.Extraer token: TOKEN EXTRACTED OK: eyJhbGciOiJIUzI1NiJ9...
2026-05-30 11:50:54,029 INFO o.a.j.e.J.Extraer token: TOKEN EXTRACTED OK: eyJhbGciOiJIUzI1NiJ9...
2026-05-30 11:50:54,030 INFO o.a.j.t.JMeterThread: Thread started: Usuarios Concurrentes (50) 1-20
2026-05-30 11:50:54,031 INFO o.a.j.t.JMeterThread: Thread is done: Usuarios Concurrentes (50) 1-11
2026-05-30 11:50:54,031 INFO o.a.j.t.JMeterThread: Thread finished: Usuarios Concurrentes (50) 1-11
2026-05-30 11:50:54,072 INFO o.a.j.e.J.Extraer token: TOKEN EXTRACTED OK: eyJhbGciOiJIUzI1NiJ9...
2026-05-30 11:50:54,073 INFO o.a.j.e.J.Extraer token: TOKEN EXTRACTED OK: eyJhbGciOiJIUzI1NiJ9...
2026-05-30 11:50:54,103 INFO o.a.j.e.J.Extraer token: TOKEN EXTRACTED OK: eyJhbGciOiJIUzI1NiJ9...
2026-05-30 11:50:54,109 INFO o.a.j.e.J.Extraer token: TOKEN EXTRACTED OK: eyJhbGciOiJIUzI1NiJ9...
2026-05-30 11:50:54,117 INFO o.a.j.e.J.Extraer token: TOKEN EXTRACTED OK: eyJhbGciOiJIUzI1NiJ9...
2026-05-30 11:50:54,119 INFO o.a.j.t.JMeterThread: Thread is done: Usuarios Concurrentes (50) 1-12
2026-05-30 11:50:54,120 INFO o.a.j.t.JMeterThread: Thread finished: Usuarios Concurrentes (50) 1-12
2026-05-30 11:50:54,130 INFO o.a.j.t.JMeterThread: Thread started: Usuarios Concurrentes (50) 1-21
2026-05-30 11:50:54,134 INFO o.a.j.e.J.Extraer token: TOKEN EXTRACTED OK: eyJhbGciOiJIUzI1NiJ9...
2026-05-30 11:50:54,162 INFO o.a.j.e.J.Extraer token: TOKEN EXTRACTED OK: eyJhbGciOiJIUzI1NiJ9...
2026-05-30 11:50:54,197 INFO o.a.j.e.J.Extraer token: TOKEN EXTRACTED OK: eyJhbGciOiJIUzI1NiJ9...
2026-05-30 11:50:54,210 INFO o.a.j.e.J.Extraer token: TOKEN EXTRACTED OK: eyJhbGciOiJIUzI1NiJ9...
2026-05-30 11:50:54,224 INFO o.a.j.t.JMeterThread: Thread is done: Usuarios Concurrentes (50) 1-13
2026-05-30 11:50:54,224 INFO o.a.j.t.JMeterThread: Thread finished: Usuarios Concurrentes (50) 1-13
2026-05-30 11:50:54,231 INFO o.a.j.t.JMeterThread: Thread started: Usuarios Concurrentes (50) 1-22
2026-05-30 11:50:54,240 INFO o.a.j.e.J.Extraer token: TOKEN EXTRACTED OK: eyJhbGciOiJIUzI1NiJ9...
2026-05-30 11:50:54,249 INFO o.a.j.e.J.Extraer token: TOKEN EXTRACTED OK: eyJhbGciOiJIUzI1NiJ9...
2026-05-30 11:50:54,267 INFO o.a.j.e.J.Extraer token: TOKEN EXTRACTED OK: eyJhbGciOiJIUzI1NiJ9...
2026-05-30 11:50:54,287 INFO o.a.j.e.J.Extraer token: TOKEN EXTRACTED OK: eyJhbGciOiJIUzI1NiJ9...
2026-05-30 11:50:54,291 INFO o.a.j.e.J.Extraer token: TOKEN EXTRACTED OK: eyJhbGciOiJIUzI1NiJ9...
2026-05-30 11:50:54,319 INFO o.a.j.e.J.Extraer token: TOKEN EXTRACTED OK: eyJhbGciOiJIUzI1NiJ9...
2026-05-30 11:50:54,329 INFO o.a.j.e.J.Extraer token: TOKEN EXTRACTED OK: eyJhbGciOiJIUzI1NiJ9...
2026-05-30 11:50:54,330 INFO o.a.j.t.JMeterThread: Thread started: Usuarios Concurrentes (50) 1-23
2026-05-30 11:50:54,334 INFO o.a.j.t.JMeterThread: Thread is done: Usuarios Concurrentes (50) 1-14
2026-05-30 11:50:54,334 INFO o.a.j.t.JMeterThread: Thread finished: Usuarios Concurrentes (50) 1-14
2026-05-30 11:50:54,359 INFO o.a.j.e.J.Extraer token: TOKEN EXTRACTED OK: eyJhbGciOiJIUzI1NiJ9...
2026-05-30 11:50:54,372 INFO o.a.j.e.J.Extraer token: TOKEN EXTRACTED OK: eyJhbGciOiJIUzI1NiJ9...
2026-05-30 11:50:54,378 INFO o.a.j.t.JMeterThread: Thread is done: Usuarios Concurrentes (50) 1-15
2026-05-30 11:50:54,378 INFO o.a.j.t.JMeterThread: Thread finished: Usuarios Concurrentes (50) 1-15
2026-05-30 11:50:54,412 INFO o.a.j.e.J.Extraer token: TOKEN EXTRACTED OK: eyJhbGciOiJIUzI1NiJ9...
2026-05-30 11:50:54,421 INFO o.a.j.e.J.Extraer token: TOKEN EXTRACTED OK: eyJhbGciOiJIUzI1NiJ9...
2026-05-30 11:50:54,430 INFO o.a.j.t.JMeterThread: Thread started: Usuarios Concurrentes (50) 1-24
2026-05-30 11:50:54,434 INFO o.a.j.e.J.Extraer token: TOKEN EXTRACTED OK: eyJhbGciOiJIUzI1NiJ9...
2026-05-30 11:50:54,454 INFO o.a.j.e.J.Extraer token: TOKEN EXTRACTED OK: eyJhbGciOiJIUzI1NiJ9...
2026-05-30 11:50:54,473 INFO o.a.j.e.J.Extraer token: TOKEN EXTRACTED OK: eyJhbGciOiJIUzI1NiJ9...
2026-05-30 11:50:54,501 INFO o.a.j.e.J.Extraer token: TOKEN EXTRACTED OK: eyJhbGciOiJIUzI1NiJ9...
2026-05-30 11:50:54,504 INFO o.a.j.e.J.Extraer token: TOKEN EXTRACTED OK: eyJhbGciOiJIUzI1NiJ9...
2026-05-30 11:50:54,510 INFO o.a.j.e.J.Extraer token: TOKEN EXTRACTED OK: eyJhbGciOiJIUzI1NiJ9...
2026-05-30 11:50:54,515 INFO o.a.j.t.JMeterThread: Thread is done: Usuarios Concurrentes (50) 1-16
2026-05-30 11:50:54,515 INFO o.a.j.t.JMeterThread: Thread finished: Usuarios Concurrentes (50) 1-16
2026-05-30 11:50:54,531 INFO o.a.j.t.JMeterThread: Thread started: Usuarios Concurrentes (50) 1-25
2026-05-30 11:50:54,560 INFO o.a.j.e.J.Extraer token: TOKEN EXTRACTED OK: eyJhbGciOiJIUzI1NiJ9...
2026-05-30 11:50:54,591 INFO o.a.j.e.J.Extraer token: TOKEN EXTRACTED OK: eyJhbGciOiJIUzI1NiJ9...
2026-05-30 11:50:54,594 INFO o.a.j.t.JMeterThread: Thread is done: Usuarios Concurrentes (50) 1-17
2026-05-30 11:50:54,594 INFO o.a.j.t.JMeterThread: Thread finished: Usuarios Concurrentes (50) 1-17
2026-05-30 11:50:54,605 INFO o.a.j.e.J.Extraer token: TOKEN EXTRACTED OK: eyJhbGciOiJIUzI1NiJ9...
2026-05-30 11:50:54,607 INFO o.a.j.e.J.Extraer token: TOKEN EXTRACTED OK: eyJhbGciOiJIUzI1NiJ9...
2026-05-30 11:50:54,623 INFO o.a.j.e.J.Extraer token: TOKEN EXTRACTED OK: eyJhbGciOiJIUzI1NiJ9...
2026-05-30 11:50:54,630 INFO o.a.j.t.JMeterThread: Thread started: Usuarios Concurrentes (50) 1-26
2026-05-30 11:50:54,649 INFO o.a.j.e.J.Extraer token: TOKEN EXTRACTED OK: eyJhbGciOiJIUzI1NiJ9...
2026-05-30 11:50:54,669 INFO o.a.j.e.J.Extraer token: TOKEN EXTRACTED OK: eyJhbGciOiJIUzI1NiJ9...
2026-05-30 11:50:54,675 INFO o.a.j.e.J.Extraer token: TOKEN EXTRACTED OK: eyJhbGciOiJIUzI1NiJ9...
2026-05-30 11:50:54,706 INFO o.a.j.t.JMeterThread: Thread is done: Usuarios Concurrentes (50) 1-18
2026-05-30 11:50:54,706 INFO o.a.j.t.JMeterThread: Thread finished: Usuarios Concurrentes (50) 1-18
2026-05-30 11:50:54,711 INFO o.a.j.e.J.Extraer token: TOKEN EXTRACTED OK: eyJhbGciOiJIUzI1NiJ9...
2026-05-30 11:50:54,723 INFO o.a.j.t.JMeterThread: Thread is done: Usuarios Concurrentes (50) 1-19
2026-05-30 11:50:54,723 INFO o.a.j.t.JMeterThread: Thread finished: Usuarios Concurrentes (50) 1-19
2026-05-30 11:50:54,725 INFO o.a.j.e.J.Extraer token: TOKEN EXTRACTED OK: eyJhbGciOiJIUzI1NiJ9...
2026-05-30 11:50:54,731 INFO o.a.j.t.JMeterThread: Thread started: Usuarios Concurrentes (50) 1-27
2026-05-30 11:50:54,742 INFO o.a.j.e.J.Extraer token: TOKEN EXTRACTED OK: eyJhbGciOiJIUzI1NiJ9...
2026-05-30 11:50:54,749 INFO o.a.j.e.J.Extraer token: TOKEN EXTRACTED OK: eyJhbGciOiJIUzI1NiJ9...
2026-05-30 11:50:54,776 INFO o.a.j.e.J.Extraer token: TOKEN EXTRACTED OK: eyJhbGciOiJIUzI1NiJ9...
2026-05-30 11:50:54,809 INFO o.a.j.e.J.Extraer token: TOKEN EXTRACTED OK: eyJhbGciOiJIUzI1NiJ9...
2026-05-30 11:50:54,829 INFO o.a.j.t.JMeterThread: Thread is done: Usuarios Concurrentes (50) 1-20
2026-05-30 11:50:54,829 INFO o.a.j.t.JMeterThread: Thread finished: Usuarios Concurrentes (50) 1-20
2026-05-30 11:50:54,830 INFO o.a.j.t.JMeterThread: Thread started: Usuarios Concurrentes (50) 1-28
2026-05-30 11:50:54,843 INFO o.a.j.e.J.Extraer token: TOKEN EXTRACTED OK: eyJhbGciOiJIUzI1NiJ9...
2026-05-30 11:50:54,843 INFO o.a.j.e.J.Extraer token: TOKEN EXTRACTED OK: eyJhbGciOiJIUzI1NiJ9...
2026-05-30 11:50:54,887 INFO o.a.j.e.J.Extraer token: TOKEN EXTRACTED OK: eyJhbGciOiJIUzI1NiJ9...
2026-05-30 11:50:54,894 INFO o.a.j.e.J.Extraer token: TOKEN EXTRACTED OK: eyJhbGciOiJIUzI1NiJ9...
2026-05-30 11:50:54,911 INFO o.a.j.e.J.Extraer token: TOKEN EXTRACTED OK: eyJhbGciOiJIUzI1NiJ9...
2026-05-30 11:50:54,922 INFO o.a.j.e.J.Extraer token: TOKEN EXTRACTED OK: eyJhbGciOiJIUzI1NiJ9...
2026-05-30 11:50:54,930 INFO o.a.j.t.JMeterThread: Thread started: Usuarios Concurrentes (50) 1-29
2026-05-30 11:50:54,936 INFO o.a.j.e.J.Extraer token: TOKEN EXTRACTED OK: eyJhbGciOiJIUzI1NiJ9...
2026-05-30 11:50:54,974 INFO o.a.j.e.J.Extraer token: TOKEN EXTRACTED OK: eyJhbGciOiJIUzI1NiJ9...
2026-05-30 11:50:54,975 INFO o.a.j.t.JMeterThread: Thread is done: Usuarios Concurrentes (50) 1-21
2026-05-30 11:50:54,975 INFO o.a.j.t.JMeterThread: Thread finished: Usuarios Concurrentes (50) 1-21
2026-05-30 11:50:55,004 INFO o.a.j.e.J.Extraer token: TOKEN EXTRACTED OK: eyJhbGciOiJIUzI1NiJ9...
2026-05-30 11:50:55,007 INFO o.a.j.e.J.Extraer token: TOKEN EXTRACTED OK: eyJhbGciOiJIUzI1NiJ9...
2026-05-30 11:50:55,007 INFO o.a.j.e.J.Extraer token: TOKEN EXTRACTED OK: eyJhbGciOiJIUzI1NiJ9...
2026-05-30 11:50:55,031 INFO o.a.j.t.JMeterThread: Thread started: Usuarios Concurrentes (50) 1-30
2026-05-30 11:50:55,062 INFO o.a.j.e.J.Extraer token: TOKEN EXTRACTED OK: eyJhbGciOiJIUzI1NiJ9...
2026-05-30 11:50:55,063 INFO o.a.j.e.J.Extraer token: TOKEN EXTRACTED OK: eyJhbGciOiJIUzI1NiJ9...
2026-05-30 11:50:55,069 INFO o.a.j.e.J.Extraer token: TOKEN EXTRACTED OK: eyJhbGciOiJIUzI1NiJ9...
2026-05-30 11:50:55,078 INFO o.a.j.t.JMeterThread: Thread is done: Usuarios Concurrentes (50) 1-22
2026-05-30 11:50:55,078 INFO o.a.j.t.JMeterThread: Thread finished: Usuarios Concurrentes (50) 1-22
2026-05-30 11:50:55,091 INFO o.a.j.e.J.Extraer token: TOKEN EXTRACTED OK: eyJhbGciOiJIUzI1NiJ9...
2026-05-30 11:50:55,100 INFO o.a.j.e.J.Extraer token: TOKEN EXTRACTED OK: eyJhbGciOiJIUzI1NiJ9...
2026-05-30 11:50:55,119 INFO o.a.j.e.J.Extraer token: TOKEN EXTRACTED OK: eyJhbGciOiJIUzI1NiJ9...
2026-05-30 11:50:55,131 INFO o.a.j.t.JMeterThread: Thread started: Usuarios Concurrentes (50) 1-31
2026-05-30 11:50:55,163 INFO o.a.j.e.J.Extraer token: TOKEN EXTRACTED OK: eyJhbGciOiJIUzI1NiJ9...
2026-05-30 11:50:55,166 INFO o.a.j.e.J.Extraer token: TOKEN EXTRACTED OK: eyJhbGciOiJIUzI1NiJ9...
2026-05-30 11:50:55,174 INFO o.a.j.t.JMeterThread: Thread is done: Usuarios Concurrentes (50) 1-23
2026-05-30 11:50:55,174 INFO o.a.j.t.JMeterThread: Thread finished: Usuarios Concurrentes (50) 1-23
2026-05-30 11:50:55,210 INFO o.a.j.e.J.Extraer token: TOKEN EXTRACTED OK: eyJhbGciOiJIUzI1NiJ9...
2026-05-30 11:50:55,231 INFO o.a.j.t.JMeterThread: Thread started: Usuarios Concurrentes (50) 1-32
2026-05-30 11:50:55,245 INFO o.a.j.e.J.Extraer token: TOKEN EXTRACTED OK: eyJhbGciOiJIUzI1NiJ9...
2026-05-30 11:50:55,245 INFO o.a.j.e.J.Extraer token: TOKEN EXTRACTED OK: eyJhbGciOiJIUzI1NiJ9...
2026-05-30 11:50:55,249 INFO o.a.j.t.JMeterThread: Thread is done: Usuarios Concurrentes (50) 1-24
2026-05-30 11:50:55,249 INFO o.a.j.t.JMeterThread: Thread finished: Usuarios Concurrentes (50) 1-24
2026-05-30 11:50:55,282 INFO o.a.j.e.J.Extraer token: TOKEN EXTRACTED OK: eyJhbGciOiJIUzI1NiJ9...
2026-05-30 11:50:55,286 INFO o.a.j.e.J.Extraer token: TOKEN EXTRACTED OK: eyJhbGciOiJIUzI1NiJ9...
2026-05-30 11:50:55,298 INFO o.a.j.e.J.Extraer token: TOKEN EXTRACTED OK: eyJhbGciOiJIUzI1NiJ9...
2026-05-30 11:50:55,307 INFO o.a.j.e.J.Extraer token: TOKEN EXTRACTED OK: eyJhbGciOiJIUzI1NiJ9...
2026-05-30 11:50:55,330 INFO o.a.j.t.JMeterThread: Thread started: Usuarios Concurrentes (50) 1-33
2026-05-30 11:50:55,335 INFO o.a.j.e.J.Extraer token: TOKEN EXTRACTED OK: eyJhbGciOiJIUzI1NiJ9...
2026-05-30 11:50:55,375 INFO o.a.j.e.J.Extraer token: TOKEN EXTRACTED OK: eyJhbGciOiJIUzI1NiJ9...
2026-05-30 11:50:55,398 INFO o.a.j.t.JMeterThread: Thread is done: Usuarios Concurrentes (50) 1-25
2026-05-30 11:50:55,398 INFO o.a.j.t.JMeterThread: Thread finished: Usuarios Concurrentes (50) 1-25
2026-05-30 11:50:55,405 INFO o.a.j.e.J.Extraer token: TOKEN EXTRACTED OK: eyJhbGciOiJIUzI1NiJ9...
2026-05-30 11:50:55,409 INFO o.a.j.e.J.Extraer token: TOKEN EXTRACTED OK: eyJhbGciOiJIUzI1NiJ9...
2026-05-30 11:50:55,425 INFO o.a.j.e.J.Extraer token: TOKEN EXTRACTED OK: eyJhbGciOiJIUzI1NiJ9...
2026-05-30 11:50:55,432 INFO o.a.j.t.JMeterThread: Thread started: Usuarios Concurrentes (50) 1-34
2026-05-30 11:50:55,460 INFO o.a.j.e.J.Extraer token: TOKEN EXTRACTED OK: eyJhbGciOiJIUzI1NiJ9...
2026-05-30 11:50:55,462 INFO o.a.j.e.J.Extraer token: TOKEN EXTRACTED OK: eyJhbGciOiJIUzI1NiJ9...
2026-05-30 11:50:55,484 INFO o.a.j.e.J.Extraer token: TOKEN EXTRACTED OK: eyJhbGciOiJIUzI1NiJ9...
2026-05-30 11:50:55,486 INFO o.a.j.t.JMeterThread: Thread is done: Usuarios Concurrentes (50) 1-26
2026-05-30 11:50:55,486 INFO o.a.j.t.JMeterThread: Thread finished: Usuarios Concurrentes (50) 1-26
2026-05-30 11:50:55,500 INFO o.a.j.e.J.Extraer token: TOKEN EXTRACTED OK: eyJhbGciOiJIUzI1NiJ9...
2026-05-30 11:50:55,500 INFO o.a.j.t.JMeterThread: Thread is done: Usuarios Concurrentes (50) 1-27
2026-05-30 11:50:55,500 INFO o.a.j.t.JMeterThread: Thread finished: Usuarios Concurrentes (50) 1-27
2026-05-30 11:50:55,520 INFO o.a.j.e.J.Extraer token: TOKEN EXTRACTED OK: eyJhbGciOiJIUzI1NiJ9...
2026-05-30 11:50:55,531 INFO o.a.j.t.JMeterThread: Thread started: Usuarios Concurrentes (50) 1-35
2026-05-30 11:50:55,537 INFO o.a.j.e.J.Extraer token: TOKEN EXTRACTED OK: eyJhbGciOiJIUzI1NiJ9...
2026-05-30 11:50:55,580 INFO o.a.j.e.J.Extraer token: TOKEN EXTRACTED OK: eyJhbGciOiJIUzI1NiJ9...
2026-05-30 11:50:55,614 INFO o.a.j.e.J.Extraer token: TOKEN EXTRACTED OK: eyJhbGciOiJIUzI1NiJ9...
2026-05-30 11:50:55,627 INFO o.a.j.e.J.Extraer token: TOKEN EXTRACTED OK: eyJhbGciOiJIUzI1NiJ9...
2026-05-30 11:50:55,630 INFO o.a.j.t.JMeterThread: Thread started: Usuarios Concurrentes (50) 1-36
2026-05-30 11:50:55,636 INFO o.a.j.e.J.Extraer token: TOKEN EXTRACTED OK: eyJhbGciOiJIUzI1NiJ9...
2026-05-30 11:50:55,650 INFO o.a.j.e.J.Extraer token: TOKEN EXTRACTED OK: eyJhbGciOiJIUzI1NiJ9...
2026-05-30 11:50:55,667 INFO o.a.j.e.J.Extraer token: TOKEN EXTRACTED OK: eyJhbGciOiJIUzI1NiJ9...
2026-05-30 11:50:55,687 INFO o.a.j.e.J.Extraer token: TOKEN EXTRACTED OK: eyJhbGciOiJIUzI1NiJ9...
2026-05-30 11:50:55,708 INFO o.a.j.e.J.Extraer token: TOKEN EXTRACTED OK: eyJhbGciOiJIUzI1NiJ9...
2026-05-30 11:50:55,715 INFO o.a.j.t.JMeterThread: Thread is done: Usuarios Concurrentes (50) 1-28
2026-05-30 11:50:55,715 INFO o.a.j.t.JMeterThread: Thread finished: Usuarios Concurrentes (50) 1-28
2026-05-30 11:50:55,721 INFO o.a.j.e.J.Extraer token: TOKEN EXTRACTED OK: eyJhbGciOiJIUzI1NiJ9...
2026-05-30 11:50:55,730 INFO o.a.j.t.JMeterThread: Thread started: Usuarios Concurrentes (50) 1-37
2026-05-30 11:50:55,740 INFO o.a.j.e.J.Extraer token: TOKEN EXTRACTED OK: eyJhbGciOiJIUzI1NiJ9...
2026-05-30 11:50:55,769 INFO o.a.j.t.JMeterThread: Thread is done: Usuarios Concurrentes (50) 1-29
2026-05-30 11:50:55,769 INFO o.a.j.t.JMeterThread: Thread finished: Usuarios Concurrentes (50) 1-29
2026-05-30 11:50:55,784 INFO o.a.j.e.J.Extraer token: TOKEN EXTRACTED OK: eyJhbGciOiJIUzI1NiJ9...
2026-05-30 11:50:55,802 INFO o.a.j.e.J.Extraer token: TOKEN EXTRACTED OK: eyJhbGciOiJIUzI1NiJ9...
2026-05-30 11:50:55,808 INFO o.a.j.e.J.Extraer token: TOKEN EXTRACTED OK: eyJhbGciOiJIUzI1NiJ9...
2026-05-30 11:50:55,820 INFO o.a.j.e.J.Extraer token: TOKEN EXTRACTED OK: eyJhbGciOiJIUzI1NiJ9...
2026-05-30 11:50:55,831 INFO o.a.j.t.JMeterThread: Thread started: Usuarios Concurrentes (50) 1-38
2026-05-30 11:50:55,865 INFO o.a.j.e.J.Extraer token: TOKEN EXTRACTED OK: eyJhbGciOiJIUzI1NiJ9...
2026-05-30 11:50:55,873 INFO o.a.j.e.J.Extraer token: TOKEN EXTRACTED OK: eyJhbGciOiJIUzI1NiJ9...
2026-05-30 11:50:55,894 INFO o.a.j.e.J.Extraer token: TOKEN EXTRACTED OK: eyJhbGciOiJIUzI1NiJ9...
2026-05-30 11:50:55,904 INFO o.a.j.e.J.Extraer token: TOKEN EXTRACTED OK: eyJhbGciOiJIUzI1NiJ9...
2026-05-30 11:50:55,912 INFO o.a.j.t.JMeterThread: Thread is done: Usuarios Concurrentes (50) 1-30
2026-05-30 11:50:55,912 INFO o.a.j.t.JMeterThread: Thread finished: Usuarios Concurrentes (50) 1-30
2026-05-30 11:50:55,926 INFO o.a.j.e.J.Extraer token: TOKEN EXTRACTED OK: eyJhbGciOiJIUzI1NiJ9...
2026-05-30 11:50:55,931 INFO o.a.j.t.JMeterThread: Thread started: Usuarios Concurrentes (50) 1-39
2026-05-30 11:50:55,969 INFO o.a.j.e.J.Extraer token: TOKEN EXTRACTED OK: eyJhbGciOiJIUzI1NiJ9...
2026-05-30 11:50:55,977 INFO o.a.j.t.JMeterThread: Thread is done: Usuarios Concurrentes (50) 1-31
2026-05-30 11:50:55,977 INFO o.a.j.t.JMeterThread: Thread finished: Usuarios Concurrentes (50) 1-31
2026-05-30 11:50:55,997 INFO o.a.j.e.J.Extraer token: TOKEN EXTRACTED OK: eyJhbGciOiJIUzI1NiJ9...
2026-05-30 11:50:56,008 INFO o.a.j.e.J.Extraer token: TOKEN EXTRACTED OK: eyJhbGciOiJIUzI1NiJ9...
2026-05-30 11:50:56,017 INFO o.a.j.e.J.Extraer token: TOKEN EXTRACTED OK: eyJhbGciOiJIUzI1NiJ9...
2026-05-30 11:50:56,030 INFO o.a.j.t.JMeterThread: Thread started: Usuarios Concurrentes (50) 1-40
2026-05-30 11:50:56,056 INFO o.a.j.e.J.Extraer token: TOKEN EXTRACTED OK: eyJhbGciOiJIUzI1NiJ9...
2026-05-30 11:50:56,086 INFO o.a.j.e.J.Extraer token: TOKEN EXTRACTED OK: eyJhbGciOiJIUzI1NiJ9...
2026-05-30 11:50:56,097 INFO o.a.j.e.J.Extraer token: TOKEN EXTRACTED OK: eyJhbGciOiJIUzI1NiJ9...
2026-05-30 11:50:56,104 INFO o.a.j.t.JMeterThread: Thread is done: Usuarios Concurrentes (50) 1-32
2026-05-30 11:50:56,104 INFO o.a.j.t.JMeterThread: Thread finished: Usuarios Concurrentes (50) 1-32
2026-05-30 11:50:56,112 INFO o.a.j.e.J.Extraer token: TOKEN EXTRACTED OK: eyJhbGciOiJIUzI1NiJ9...
2026-05-30 11:50:56,124 INFO o.a.j.e.J.Extraer token: TOKEN EXTRACTED OK: eyJhbGciOiJIUzI1NiJ9...
2026-05-30 11:50:56,130 INFO o.a.j.t.JMeterThread: Thread started: Usuarios Concurrentes (50) 1-41
2026-05-30 11:50:56,135 INFO o.a.j.e.J.Extraer token: TOKEN EXTRACTED OK: eyJhbGciOiJIUzI1NiJ9...
2026-05-30 11:50:56,164 INFO o.a.j.e.J.Extraer token: TOKEN EXTRACTED OK: eyJhbGciOiJIUzI1NiJ9...
2026-05-30 11:50:56,174 INFO o.a.j.e.J.Extraer token: TOKEN EXTRACTED OK: eyJhbGciOiJIUzI1NiJ9...
2026-05-30 11:50:56,177 INFO o.a.j.t.JMeterThread: Thread is done: Usuarios Concurrentes (50) 1-33
2026-05-30 11:50:56,177 INFO o.a.j.t.JMeterThread: Thread finished: Usuarios Concurrentes (50) 1-33
2026-05-30 11:50:56,211 INFO o.a.j.e.J.Extraer token: TOKEN EXTRACTED OK: eyJhbGciOiJIUzI1NiJ9...
2026-05-30 11:50:56,225 INFO o.a.j.e.J.Extraer token: TOKEN EXTRACTED OK: eyJhbGciOiJIUzI1NiJ9...
2026-05-30 11:50:56,230 INFO o.a.j.t.JMeterThread: Thread started: Usuarios Concurrentes (50) 1-42
2026-05-30 11:50:56,260 INFO o.a.j.e.J.Extraer token: TOKEN EXTRACTED OK: eyJhbGciOiJIUzI1NiJ9...
2026-05-30 11:50:56,276 INFO o.a.j.e.J.Extraer token: TOKEN EXTRACTED OK: eyJhbGciOiJIUzI1NiJ9...
2026-05-30 11:50:56,302 INFO o.a.j.e.J.Extraer token: TOKEN EXTRACTED OK: eyJhbGciOiJIUzI1NiJ9...
2026-05-30 11:50:56,304 INFO o.a.j.t.JMeterThread: Thread is done: Usuarios Concurrentes (50) 1-34
2026-05-30 11:50:56,304 INFO o.a.j.t.JMeterThread: Thread finished: Usuarios Concurrentes (50) 1-34
2026-05-30 11:50:56,307 INFO o.a.j.e.J.Extraer token: TOKEN EXTRACTED OK: eyJhbGciOiJIUzI1NiJ9...
2026-05-30 11:50:56,314 INFO o.a.j.e.J.Extraer token: TOKEN EXTRACTED OK: eyJhbGciOiJIUzI1NiJ9...
2026-05-30 11:50:56,317 INFO o.a.j.e.J.Extraer token: TOKEN EXTRACTED OK: eyJhbGciOiJIUzI1NiJ9...
2026-05-30 11:50:56,330 INFO o.a.j.t.JMeterThread: Thread started: Usuarios Concurrentes (50) 1-43
2026-05-30 11:50:56,333 INFO o.a.j.e.J.Extraer token: TOKEN EXTRACTED OK: eyJhbGciOiJIUzI1NiJ9...
2026-05-30 11:50:56,367 INFO o.a.j.e.J.Extraer token: TOKEN EXTRACTED OK: eyJhbGciOiJIUzI1NiJ9...
2026-05-30 11:50:56,389 INFO o.a.j.t.JMeterThread: Thread is done: Usuarios Concurrentes (50) 1-35
2026-05-30 11:50:56,389 INFO o.a.j.t.JMeterThread: Thread finished: Usuarios Concurrentes (50) 1-35
2026-05-30 11:50:56,404 INFO o.a.j.e.J.Extraer token: TOKEN EXTRACTED OK: eyJhbGciOiJIUzI1NiJ9...
2026-05-30 11:50:56,410 INFO o.a.j.e.J.Extraer token: TOKEN EXTRACTED OK: eyJhbGciOiJIUzI1NiJ9...
2026-05-30 11:50:56,422 INFO o.a.j.e.J.Extraer token: TOKEN EXTRACTED OK: eyJhbGciOiJIUzI1NiJ9...
2026-05-30 11:50:56,432 INFO o.a.j.t.JMeterThread: Thread started: Usuarios Concurrentes (50) 1-44
2026-05-30 11:50:56,446 INFO o.a.j.e.J.Extraer token: TOKEN EXTRACTED OK: eyJhbGciOiJIUzI1NiJ9...
2026-05-30 11:50:56,466 INFO o.a.j.e.J.Extraer token: TOKEN EXTRACTED OK: eyJhbGciOiJIUzI1NiJ9...
2026-05-30 11:50:56,482 INFO o.a.j.e.J.Extraer token: TOKEN EXTRACTED OK: eyJhbGciOiJIUzI1NiJ9...
2026-05-30 11:50:56,492 INFO o.a.j.e.J.Extraer token: TOKEN EXTRACTED OK: eyJhbGciOiJIUzI1NiJ9...
2026-05-30 11:50:56,520 INFO o.a.j.t.JMeterThread: Thread is done: Usuarios Concurrentes (50) 1-36
2026-05-30 11:50:56,521 INFO o.a.j.t.JMeterThread: Thread finished: Usuarios Concurrentes (50) 1-36
2026-05-30 11:50:56,522 INFO o.a.j.e.J.Extraer token: TOKEN EXTRACTED OK: eyJhbGciOiJIUzI1NiJ9...
2026-05-30 11:50:56,531 INFO o.a.j.t.JMeterThread: Thread started: Usuarios Concurrentes (50) 1-45
2026-05-30 11:50:56,544 INFO o.a.j.e.J.Extraer token: TOKEN EXTRACTED OK: eyJhbGciOiJIUzI1NiJ9...
2026-05-30 11:50:56,580 INFO o.a.j.t.JMeterThread: Thread is done: Usuarios Concurrentes (50) 1-37
2026-05-30 11:50:56,580 INFO o.a.j.t.JMeterThread: Thread finished: Usuarios Concurrentes (50) 1-37
2026-05-30 11:50:56,583 INFO o.a.j.e.J.Extraer token: TOKEN EXTRACTED OK: eyJhbGciOiJIUzI1NiJ9...
2026-05-30 11:50:56,589 INFO o.a.j.e.J.Extraer token: TOKEN EXTRACTED OK: eyJhbGciOiJIUzI1NiJ9...
2026-05-30 11:50:56,610 INFO o.a.j.e.J.Extraer token: TOKEN EXTRACTED OK: eyJhbGciOiJIUzI1NiJ9...
2026-05-30 11:50:56,618 INFO o.a.j.e.J.Extraer token: TOKEN EXTRACTED OK: eyJhbGciOiJIUzI1NiJ9...
2026-05-30 11:50:56,631 INFO o.a.j.t.JMeterThread: Thread started: Usuarios Concurrentes (50) 1-46
2026-05-30 11:50:56,636 INFO o.a.j.e.J.Extraer token: TOKEN EXTRACTED OK: eyJhbGciOiJIUzI1NiJ9...
2026-05-30 11:50:56,675 INFO o.a.j.e.J.Extraer token: TOKEN EXTRACTED OK: eyJhbGciOiJIUzI1NiJ9...
2026-05-30 11:50:56,700 INFO o.a.j.t.JMeterThread: Thread is done: Usuarios Concurrentes (50) 1-38
2026-05-30 11:50:56,700 INFO o.a.j.t.JMeterThread: Thread finished: Usuarios Concurrentes (50) 1-38
2026-05-30 11:50:56,702 INFO o.a.j.e.J.Extraer token: TOKEN EXTRACTED OK: eyJhbGciOiJIUzI1NiJ9...
2026-05-30 11:50:56,706 INFO o.a.j.e.J.Extraer token: TOKEN EXTRACTED OK: eyJhbGciOiJIUzI1NiJ9...
2026-05-30 11:50:56,718 INFO o.a.j.e.J.Extraer token: TOKEN EXTRACTED OK: eyJhbGciOiJIUzI1NiJ9...
2026-05-30 11:50:56,730 INFO o.a.j.t.JMeterThread: Thread started: Usuarios Concurrentes (50) 1-47
2026-05-30 11:50:56,753 INFO o.a.j.e.J.Extraer token: TOKEN EXTRACTED OK: eyJhbGciOiJIUzI1NiJ9...
2026-05-30 11:50:56,764 INFO o.a.j.t.JMeterThread: Thread is done: Usuarios Concurrentes (50) 1-39
2026-05-30 11:50:56,764 INFO o.a.j.t.JMeterThread: Thread finished: Usuarios Concurrentes (50) 1-39
2026-05-30 11:50:56,769 INFO o.a.j.e.J.Extraer token: TOKEN EXTRACTED OK: eyJhbGciOiJIUzI1NiJ9...
2026-05-30 11:50:56,778 INFO o.a.j.e.J.Extraer token: TOKEN EXTRACTED OK: eyJhbGciOiJIUzI1NiJ9...
2026-05-30 11:50:56,795 INFO o.a.j.e.J.Extraer token: TOKEN EXTRACTED OK: eyJhbGciOiJIUzI1NiJ9...
2026-05-30 11:50:56,812 INFO o.a.j.e.J.Extraer token: TOKEN EXTRACTED OK: eyJhbGciOiJIUzI1NiJ9...
2026-05-30 11:50:56,830 INFO o.a.j.t.JMeterThread: Thread started: Usuarios Concurrentes (50) 1-48
2026-05-30 11:50:56,861 INFO o.a.j.e.J.Extraer token: TOKEN EXTRACTED OK: eyJhbGciOiJIUzI1NiJ9...
2026-05-30 11:50:56,866 INFO o.a.j.e.J.Extraer token: TOKEN EXTRACTED OK: eyJhbGciOiJIUzI1NiJ9...
2026-05-30 11:50:56,880 INFO o.a.j.e.J.Extraer token: TOKEN EXTRACTED OK: eyJhbGciOiJIUzI1NiJ9...
2026-05-30 11:50:56,901 INFO o.a.j.t.JMeterThread: Thread is done: Usuarios Concurrentes (50) 1-40
2026-05-30 11:50:56,901 INFO o.a.j.t.JMeterThread: Thread finished: Usuarios Concurrentes (50) 1-40
2026-05-30 11:50:56,917 INFO o.a.j.e.J.Extraer token: TOKEN EXTRACTED OK: eyJhbGciOiJIUzI1NiJ9...
2026-05-30 11:50:56,930 INFO o.a.j.t.JMeterThread: Thread started: Usuarios Concurrentes (50) 1-49
2026-05-30 11:50:56,934 INFO o.a.j.e.J.Extraer token: TOKEN EXTRACTED OK: eyJhbGciOiJIUzI1NiJ9...
2026-05-30 11:50:56,944 INFO o.a.j.e.J.Extraer token: TOKEN EXTRACTED OK: eyJhbGciOiJIUzI1NiJ9...
2026-05-30 11:50:56,969 INFO o.a.j.e.J.Extraer token: TOKEN EXTRACTED OK: eyJhbGciOiJIUzI1NiJ9...
2026-05-30 11:50:56,990 INFO o.a.j.t.JMeterThread: Thread is done: Usuarios Concurrentes (50) 1-41
2026-05-30 11:50:56,990 INFO o.a.j.t.JMeterThread: Thread finished: Usuarios Concurrentes (50) 1-41
2026-05-30 11:50:57,012 INFO o.a.j.e.J.Extraer token: TOKEN EXTRACTED OK: eyJhbGciOiJIUzI1NiJ9...
2026-05-30 11:50:57,018 INFO o.a.j.e.J.Extraer token: TOKEN EXTRACTED OK: eyJhbGciOiJIUzI1NiJ9...
2026-05-30 11:50:57,031 INFO o.a.j.t.JMeterThread: Thread started: Usuarios Concurrentes (50) 1-50
2026-05-30 11:50:57,049 INFO o.a.j.t.JMeterThread: Thread is done: Usuarios Concurrentes (50) 1-42
2026-05-30 11:50:57,049 INFO o.a.j.t.JMeterThread: Thread finished: Usuarios Concurrentes (50) 1-42
2026-05-30 11:50:57,054 INFO o.a.j.e.J.Extraer token: TOKEN EXTRACTED OK: eyJhbGciOiJIUzI1NiJ9...
2026-05-30 11:50:57,066 INFO o.a.j.e.J.Extraer token: TOKEN EXTRACTED OK: eyJhbGciOiJIUzI1NiJ9...
2026-05-30 11:50:57,109 INFO o.a.j.e.J.Extraer token: TOKEN EXTRACTED OK: eyJhbGciOiJIUzI1NiJ9...
2026-05-30 11:50:57,109 INFO o.a.j.e.J.Extraer token: TOKEN EXTRACTED OK: eyJhbGciOiJIUzI1NiJ9...
2026-05-30 11:50:57,140 INFO o.a.j.e.J.Extraer token: TOKEN EXTRACTED OK: eyJhbGciOiJIUzI1NiJ9...
2026-05-30 11:50:57,149 INFO o.a.j.e.J.Extraer token: TOKEN EXTRACTED OK: eyJhbGciOiJIUzI1NiJ9...
2026-05-30 11:50:57,151 INFO o.a.j.t.JMeterThread: Thread is done: Usuarios Concurrentes (50) 1-43
2026-05-30 11:50:57,151 INFO o.a.j.t.JMeterThread: Thread finished: Usuarios Concurrentes (50) 1-43
2026-05-30 11:50:57,187 INFO o.a.j.e.J.Extraer token: TOKEN EXTRACTED OK: eyJhbGciOiJIUzI1NiJ9...
2026-05-30 11:50:57,188 INFO o.a.j.e.J.Extraer token: TOKEN EXTRACTED OK: eyJhbGciOiJIUzI1NiJ9...
2026-05-30 11:50:57,226 INFO o.a.j.e.J.Extraer token: TOKEN EXTRACTED OK: eyJhbGciOiJIUzI1NiJ9...
2026-05-30 11:50:57,234 INFO o.a.j.e.J.Extraer token: TOKEN EXTRACTED OK: eyJhbGciOiJIUzI1NiJ9...
2026-05-30 11:50:57,275 INFO o.a.j.e.J.Extraer token: TOKEN EXTRACTED OK: eyJhbGciOiJIUzI1NiJ9...
2026-05-30 11:50:57,282 INFO o.a.j.e.J.Extraer token: TOKEN EXTRACTED OK: eyJhbGciOiJIUzI1NiJ9...
2026-05-30 11:50:57,314 INFO o.a.j.t.JMeterThread: Thread is done: Usuarios Concurrentes (50) 1-44
2026-05-30 11:50:57,314 INFO o.a.j.t.JMeterThread: Thread finished: Usuarios Concurrentes (50) 1-44
2026-05-30 11:50:57,323 INFO o.a.j.e.J.Extraer token: TOKEN EXTRACTED OK: eyJhbGciOiJIUzI1NiJ9...
2026-05-30 11:50:57,349 INFO o.a.j.e.J.Extraer token: TOKEN EXTRACTED OK: eyJhbGciOiJIUzI1NiJ9...
2026-05-30 11:50:57,351 INFO o.a.j.e.J.Extraer token: TOKEN EXTRACTED OK: eyJhbGciOiJIUzI1NiJ9...
2026-05-30 11:50:57,383 INFO o.a.j.e.J.Extraer token: TOKEN EXTRACTED OK: eyJhbGciOiJIUzI1NiJ9...
2026-05-30 11:50:57,408 INFO o.a.j.t.JMeterThread: Thread is done: Usuarios Concurrentes (50) 1-45
2026-05-30 11:50:57,409 INFO o.a.j.t.JMeterThread: Thread finished: Usuarios Concurrentes (50) 1-45
2026-05-30 11:50:57,434 INFO o.a.j.e.J.Extraer token: TOKEN EXTRACTED OK: eyJhbGciOiJIUzI1NiJ9...
2026-05-30 11:50:57,443 INFO o.a.j.e.J.Extraer token: TOKEN EXTRACTED OK: eyJhbGciOiJIUzI1NiJ9...
2026-05-30 11:50:57,471 INFO o.a.j.t.JMeterThread: Thread is done: Usuarios Concurrentes (50) 1-46
2026-05-30 11:50:57,471 INFO o.a.j.t.JMeterThread: Thread finished: Usuarios Concurrentes (50) 1-46
2026-05-30 11:50:57,531 INFO o.a.j.e.J.Extraer token: TOKEN EXTRACTED OK: eyJhbGciOiJIUzI1NiJ9...
2026-05-30 11:50:57,532 INFO o.a.j.e.J.Extraer token: TOKEN EXTRACTED OK: eyJhbGciOiJIUzI1NiJ9...
2026-05-30 11:50:57,607 INFO o.a.j.e.J.Extraer token: TOKEN EXTRACTED OK: eyJhbGciOiJIUzI1NiJ9...
2026-05-30 11:50:57,607 INFO o.a.j.t.JMeterThread: Thread is done: Usuarios Concurrentes (50) 1-47
2026-05-30 11:50:57,607 INFO o.a.j.t.JMeterThread: Thread finished: Usuarios Concurrentes (50) 1-47
2026-05-30 11:50:57,610 INFO o.a.j.e.J.Extraer token: TOKEN EXTRACTED OK: eyJhbGciOiJIUzI1NiJ9...
2026-05-30 11:50:57,680 INFO o.a.j.t.JMeterThread: Thread is done: Usuarios Concurrentes (50) 1-48
2026-05-30 11:50:57,681 INFO o.a.j.t.JMeterThread: Thread finished: Usuarios Concurrentes (50) 1-48
2026-05-30 11:50:57,683 INFO o.a.j.e.J.Extraer token: TOKEN EXTRACTED OK: eyJhbGciOiJIUzI1NiJ9...
2026-05-30 11:50:57,749 INFO o.a.j.e.J.Extraer token: TOKEN EXTRACTED OK: eyJhbGciOiJIUzI1NiJ9...
2026-05-30 11:50:57,750 INFO o.a.j.t.JMeterThread: Thread is done: Usuarios Concurrentes (50) 1-49
2026-05-30 11:50:57,750 INFO o.a.j.t.JMeterThread: Thread finished: Usuarios Concurrentes (50) 1-49
2026-05-30 11:50:57,815 INFO o.a.j.t.JMeterThread: Thread is done: Usuarios Concurrentes (50) 1-50
2026-05-30 11:50:57,815 INFO o.a.j.t.JMeterThread: Thread finished: Usuarios Concurrentes (50) 1-50
2026-05-30 11:50:57,816 INFO o.a.j.e.StandardJMeterEngine: Starting tearDown thread groups
2026-05-30 11:50:57,816 INFO o.a.j.e.StandardJMeterEngine: Starting tearDown ThreadGroup: 1 : TearDown - Limpiar listas huerfanas
2026-05-30 11:50:57,816 INFO o.a.j.e.StandardJMeterEngine: Starting 1 threads for group TearDown - Limpiar listas huerfanas.
2026-05-30 11:50:57,816 INFO o.a.j.e.StandardJMeterEngine: Thread will continue on error
2026-05-30 11:50:57,816 INFO o.a.j.t.ThreadGroup: Starting thread group... number=1 threads=1 ramp-up=1 delayedStart=false
2026-05-30 11:50:57,816 INFO o.a.j.t.ThreadGroup: Started thread group number 1
2026-05-30 11:50:57,816 INFO o.a.j.t.JMeterThread: Thread started: TearDown - Limpiar listas huerfanas 1-1
2026-05-30 11:50:57,970 INFO o.a.j.e.J.Borrar listas huerfanas: TEARDOWN: borradas 9 listas huerfanas
2026-05-30 11:50:57,971 INFO o.a.j.t.JMeterThread: Thread is done: TearDown - Limpiar listas huerfanas 1-1
2026-05-30 11:50:57,971 INFO o.a.j.t.JMeterThread: Thread finished: TearDown - Limpiar listas huerfanas 1-1
2026-05-30 11:50:57,971 INFO o.a.j.e.StandardJMeterEngine: Notifying test listeners of end of test
2026-05-30 11:50:57,971 INFO o.a.j.g.u.JMeterMenuBar: setRunning(false, *local*)
2026-05-30 11:53:55,675 INFO o.a.j.e.StandardJMeterEngine: Running the test!
2026-05-30 11:53:55,675 INFO o.a.j.s.SampleEvent: List of sample_variables: []
2026-05-30 11:53:55,679 INFO o.a.j.g.u.JMeterMenuBar: setRunning(true, *local*)
2026-05-30 11:53:55,679 INFO o.a.j.e.StandardJMeterEngine: Starting setUp thread groups
2026-05-30 11:53:55,679 INFO o.a.j.e.StandardJMeterEngine: Starting setUp ThreadGroup: 1 : Set Up - Registrar usuario 
2026-05-30 11:53:55,679 INFO o.a.j.e.StandardJMeterEngine: Starting 1 threads for group Set Up - Registrar usuario.
2026-05-30 11:53:55,679 INFO o.a.j.e.StandardJMeterEngine: Thread will continue on error
2026-05-30 11:53:55,679 INFO o.a.j.t.ThreadGroup: Starting thread group... number=1 threads=1 ramp-up=1 delayedStart=false
2026-05-30 11:53:55,680 INFO o.a.j.t.ThreadGroup: Started thread group number 1
2026-05-30 11:53:55,680 INFO o.a.j.e.StandardJMeterEngine: Waiting for all setup thread groups to exit
2026-05-30 11:53:55,680 INFO o.a.j.t.JMeterThread: Thread started: Set Up - Registrar usuario 1-1
2026-05-30 11:53:55,756 INFO o.a.j.t.JMeterThread: Thread is done: Set Up - Registrar usuario 1-1
2026-05-30 11:53:55,756 INFO o.a.j.t.JMeterThread: Thread finished: Set Up - Registrar usuario 1-1
2026-05-30 11:53:55,756 INFO o.a.j.e.StandardJMeterEngine: All Setup Threads have ended
2026-05-30 11:53:55,793 INFO o.a.j.e.StandardJMeterEngine: Starting ThreadGroup: 1 : Usuarios Concurrentes (50)
2026-05-30 11:53:55,793 INFO o.a.j.e.StandardJMeterEngine: Starting 50 threads for group Usuarios Concurrentes (50).
2026-05-30 11:53:55,794 INFO o.a.j.e.StandardJMeterEngine: Thread will start next loop on error
2026-05-30 11:53:55,794 INFO o.a.j.t.ThreadGroup: Starting thread group... number=1 threads=50 ramp-up=5 delayedStart=false
2026-05-30 11:53:55,794 INFO o.a.j.t.JMeterThread: Thread started: Usuarios Concurrentes (50) 1-1
2026-05-30 11:53:55,802 INFO o.a.j.t.ThreadGroup: Started thread group number 1
2026-05-30 11:53:55,802 INFO o.a.j.e.StandardJMeterEngine: All thread groups have been started
2026-05-30 11:53:55,876 INFO o.a.j.e.J.Extraer token: TOKEN EXTRACTED OK: eyJhbGciOiJIUzI1NiJ9...
2026-05-30 11:53:55,894 INFO o.a.j.t.JMeterThread: Thread started: Usuarios Concurrentes (50) 1-2
2026-05-30 11:53:55,969 INFO o.a.j.e.J.Extraer token: TOKEN EXTRACTED OK: eyJhbGciOiJIUzI1NiJ9...
2026-05-30 11:53:55,994 INFO o.a.j.t.JMeterThread: Thread started: Usuarios Concurrentes (50) 1-3
2026-05-30 11:53:56,031 INFO o.a.j.e.J.Extraer token: TOKEN EXTRACTED OK: eyJhbGciOiJIUzI1NiJ9...
2026-05-30 11:53:56,067 INFO o.a.j.e.J.Extraer token: TOKEN EXTRACTED OK: eyJhbGciOiJIUzI1NiJ9...
2026-05-30 11:53:56,095 INFO o.a.j.t.JMeterThread: Thread started: Usuarios Concurrentes (50) 1-4
2026-05-30 11:53:56,112 INFO o.a.j.e.J.Extraer token: TOKEN EXTRACTED OK: eyJhbGciOiJIUzI1NiJ9...
2026-05-30 11:53:56,169 INFO o.a.j.e.J.Extraer token: TOKEN EXTRACTED OK: eyJhbGciOiJIUzI1NiJ9...
2026-05-30 11:53:56,176 INFO o.a.j.e.J.Extraer token: TOKEN EXTRACTED OK: eyJhbGciOiJIUzI1NiJ9...
2026-05-30 11:53:56,195 INFO o.a.j.t.JMeterThread: Thread started: Usuarios Concurrentes (50) 1-5
2026-05-30 11:53:56,214 INFO o.a.j.e.J.Extraer token: TOKEN EXTRACTED OK: eyJhbGciOiJIUzI1NiJ9...
2026-05-30 11:53:56,253 INFO o.a.j.e.J.Extraer token: TOKEN EXTRACTED OK: eyJhbGciOiJIUzI1NiJ9...
2026-05-30 11:53:56,269 INFO o.a.j.e.J.Extraer token: TOKEN EXTRACTED OK: eyJhbGciOiJIUzI1NiJ9...
2026-05-30 11:53:56,295 INFO o.a.j.t.JMeterThread: Thread started: Usuarios Concurrentes (50) 1-6
2026-05-30 11:53:56,313 INFO o.a.j.e.J.Extraer token: TOKEN EXTRACTED OK: eyJhbGciOiJIUzI1NiJ9...
2026-05-30 11:53:56,318 INFO o.a.j.e.J.Extraer token: TOKEN EXTRACTED OK: eyJhbGciOiJIUzI1NiJ9...
2026-05-30 11:53:56,363 INFO o.a.j.e.J.Extraer token: TOKEN EXTRACTED OK: eyJhbGciOiJIUzI1NiJ9...
2026-05-30 11:53:56,369 INFO o.a.j.e.J.Extraer token: TOKEN EXTRACTED OK: eyJhbGciOiJIUzI1NiJ9...
2026-05-30 11:53:56,369 INFO o.a.j.e.J.Extraer token: TOKEN EXTRACTED OK: eyJhbGciOiJIUzI1NiJ9...
2026-05-30 11:53:56,394 INFO o.a.j.t.JMeterThread: Thread started: Usuarios Concurrentes (50) 1-7
2026-05-30 11:53:56,406 INFO o.a.j.e.J.Extraer token: TOKEN EXTRACTED OK: eyJhbGciOiJIUzI1NiJ9...
2026-05-30 11:53:56,468 INFO o.a.j.e.J.Extraer token: TOKEN EXTRACTED OK: eyJhbGciOiJIUzI1NiJ9...
2026-05-30 11:53:56,469 INFO o.a.j.e.J.Extraer token: TOKEN EXTRACTED OK: eyJhbGciOiJIUzI1NiJ9...
2026-05-30 11:53:56,474 INFO o.a.j.e.J.Extraer token: TOKEN EXTRACTED OK: eyJhbGciOiJIUzI1NiJ9...
2026-05-30 11:53:56,494 INFO o.a.j.t.JMeterThread: Thread started: Usuarios Concurrentes (50) 1-8
2026-05-30 11:53:56,526 INFO o.a.j.e.J.Extraer token: TOKEN EXTRACTED OK: eyJhbGciOiJIUzI1NiJ9...
2026-05-30 11:53:56,528 INFO o.a.j.e.J.Extraer token: TOKEN EXTRACTED OK: eyJhbGciOiJIUzI1NiJ9...
2026-05-30 11:53:56,535 INFO o.a.j.e.J.Extraer token: TOKEN EXTRACTED OK: eyJhbGciOiJIUzI1NiJ9...
2026-05-30 11:53:56,555 INFO o.a.j.e.J.Extraer token: TOKEN EXTRACTED OK: eyJhbGciOiJIUzI1NiJ9...
2026-05-30 11:53:56,562 INFO o.a.j.t.JMeterThread: Thread is done: Usuarios Concurrentes (50) 1-1
2026-05-30 11:53:56,562 INFO o.a.j.t.JMeterThread: Thread finished: Usuarios Concurrentes (50) 1-1
2026-05-30 11:53:56,576 INFO o.a.j.e.J.Extraer token: TOKEN EXTRACTED OK: eyJhbGciOiJIUzI1NiJ9...
2026-05-30 11:53:56,595 INFO o.a.j.t.JMeterThread: Thread started: Usuarios Concurrentes (50) 1-9
2026-05-30 11:53:56,631 INFO o.a.j.e.J.Extraer token: TOKEN EXTRACTED OK: eyJhbGciOiJIUzI1NiJ9...
2026-05-30 11:53:56,636 INFO o.a.j.e.J.Extraer token: TOKEN EXTRACTED OK: eyJhbGciOiJIUzI1NiJ9...
2026-05-30 11:53:56,644 INFO o.a.j.t.JMeterThread: Thread is done: Usuarios Concurrentes (50) 1-2
2026-05-30 11:53:56,645 INFO o.a.j.t.JMeterThread: Thread finished: Usuarios Concurrentes (50) 1-2
2026-05-30 11:53:56,674 INFO o.a.j.e.J.Extraer token: TOKEN EXTRACTED OK: eyJhbGciOiJIUzI1NiJ9...
2026-05-30 11:53:56,695 INFO o.a.j.t.JMeterThread: Thread started: Usuarios Concurrentes (50) 1-10
2026-05-30 11:53:56,698 INFO o.a.j.e.J.Extraer token: TOKEN EXTRACTED OK: eyJhbGciOiJIUzI1NiJ9...
2026-05-30 11:53:56,719 INFO o.a.j.e.J.Extraer token: TOKEN EXTRACTED OK: eyJhbGciOiJIUzI1NiJ9...
2026-05-30 11:53:56,723 INFO o.a.j.e.J.Extraer token: TOKEN EXTRACTED OK: eyJhbGciOiJIUzI1NiJ9...
2026-05-30 11:53:56,745 INFO o.a.j.e.J.Extraer token: TOKEN EXTRACTED OK: eyJhbGciOiJIUzI1NiJ9...
2026-05-30 11:53:56,770 INFO o.a.j.e.J.Extraer token: TOKEN EXTRACTED OK: eyJhbGciOiJIUzI1NiJ9...
2026-05-30 11:53:56,786 INFO o.a.j.t.JMeterThread: Thread is done: Usuarios Concurrentes (50) 1-3
2026-05-30 11:53:56,786 INFO o.a.j.t.JMeterThread: Thread finished: Usuarios Concurrentes (50) 1-3
2026-05-30 11:53:56,794 INFO o.a.j.t.JMeterThread: Thread started: Usuarios Concurrentes (50) 1-11
2026-05-30 11:53:56,811 INFO o.a.j.e.J.Extraer token: TOKEN EXTRACTED OK: eyJhbGciOiJIUzI1NiJ9...
2026-05-30 11:53:56,817 INFO o.a.j.e.J.Extraer token: TOKEN EXTRACTED OK: eyJhbGciOiJIUzI1NiJ9...
2026-05-30 11:53:56,827 INFO o.a.j.e.J.Extraer token: TOKEN EXTRACTED OK: eyJhbGciOiJIUzI1NiJ9...
2026-05-30 11:53:56,873 INFO o.a.j.e.J.Extraer token: TOKEN EXTRACTED OK: eyJhbGciOiJIUzI1NiJ9...
2026-05-30 11:53:56,887 INFO o.a.j.e.J.Extraer token: TOKEN EXTRACTED OK: eyJhbGciOiJIUzI1NiJ9...
2026-05-30 11:53:56,888 INFO o.a.j.t.JMeterThread: Thread is done: Usuarios Concurrentes (50) 1-4
2026-05-30 11:53:56,888 INFO o.a.j.t.JMeterThread: Thread finished: Usuarios Concurrentes (50) 1-4
2026-05-30 11:53:56,893 INFO o.a.j.e.J.Extraer token: TOKEN EXTRACTED OK: eyJhbGciOiJIUzI1NiJ9...
2026-05-30 11:53:56,894 INFO o.a.j.t.JMeterThread: Thread started: Usuarios Concurrentes (50) 1-12
2026-05-30 11:53:56,920 INFO o.a.j.e.J.Extraer token: TOKEN EXTRACTED OK: eyJhbGciOiJIUzI1NiJ9...
2026-05-30 11:53:56,947 INFO o.a.j.e.J.Extraer token: TOKEN EXTRACTED OK: eyJhbGciOiJIUzI1NiJ9...
2026-05-30 11:53:56,974 INFO o.a.j.e.J.Extraer token: TOKEN EXTRACTED OK: eyJhbGciOiJIUzI1NiJ9...
2026-05-30 11:53:56,979 INFO o.a.j.e.J.Extraer token: TOKEN EXTRACTED OK: eyJhbGciOiJIUzI1NiJ9...
2026-05-30 11:53:56,985 INFO o.a.j.t.JMeterThread: Thread is done: Usuarios Concurrentes (50) 1-5
2026-05-30 11:53:56,985 INFO o.a.j.t.JMeterThread: Thread finished: Usuarios Concurrentes (50) 1-5
2026-05-30 11:53:56,990 INFO o.a.j.e.J.Extraer token: TOKEN EXTRACTED OK: eyJhbGciOiJIUzI1NiJ9...
2026-05-30 11:53:56,995 INFO o.a.j.t.JMeterThread: Thread started: Usuarios Concurrentes (50) 1-13
2026-05-30 11:53:57,037 INFO o.a.j.e.J.Extraer token: TOKEN EXTRACTED OK: eyJhbGciOiJIUzI1NiJ9...
2026-05-30 11:53:57,059 INFO o.a.j.e.J.Extraer token: TOKEN EXTRACTED OK: eyJhbGciOiJIUzI1NiJ9...
2026-05-30 11:53:57,077 INFO o.a.j.e.J.Extraer token: TOKEN EXTRACTED OK: eyJhbGciOiJIUzI1NiJ9...
2026-05-30 11:53:57,096 INFO o.a.j.t.JMeterThread: Thread started: Usuarios Concurrentes (50) 1-14
2026-05-30 11:53:57,099 INFO o.a.j.e.J.Extraer token: TOKEN EXTRACTED OK: eyJhbGciOiJIUzI1NiJ9...
2026-05-30 11:53:57,133 INFO o.a.j.e.J.Extraer token: TOKEN EXTRACTED OK: eyJhbGciOiJIUzI1NiJ9...
2026-05-30 11:53:57,146 INFO o.a.j.t.JMeterThread: Thread is done: Usuarios Concurrentes (50) 1-6
2026-05-30 11:53:57,146 INFO o.a.j.t.JMeterThread: Thread finished: Usuarios Concurrentes (50) 1-6
2026-05-30 11:53:57,153 INFO o.a.j.e.J.Extraer token: TOKEN EXTRACTED OK: eyJhbGciOiJIUzI1NiJ9...
2026-05-30 11:53:57,157 INFO o.a.j.e.J.Extraer token: TOKEN EXTRACTED OK: eyJhbGciOiJIUzI1NiJ9...
2026-05-30 11:53:57,169 INFO o.a.j.e.J.Extraer token: TOKEN EXTRACTED OK: eyJhbGciOiJIUzI1NiJ9...
2026-05-30 11:53:57,186 INFO o.a.j.e.J.Extraer token: TOKEN EXTRACTED OK: eyJhbGciOiJIUzI1NiJ9...
2026-05-30 11:53:57,195 INFO o.a.j.t.JMeterThread: Thread started: Usuarios Concurrentes (50) 1-15
2026-05-30 11:53:57,215 INFO o.a.j.e.J.Extraer token: TOKEN EXTRACTED OK: eyJhbGciOiJIUzI1NiJ9...
2026-05-30 11:53:57,239 INFO o.a.j.t.JMeterThread: Thread is done: Usuarios Concurrentes (50) 1-7
2026-05-30 11:53:57,239 INFO o.a.j.t.JMeterThread: Thread finished: Usuarios Concurrentes (50) 1-7
2026-05-30 11:53:57,255 INFO o.a.j.e.J.Extraer token: TOKEN EXTRACTED OK: eyJhbGciOiJIUzI1NiJ9...
2026-05-30 11:53:57,269 INFO o.a.j.e.J.Extraer token: TOKEN EXTRACTED OK: eyJhbGciOiJIUzI1NiJ9...
2026-05-30 11:53:57,282 INFO o.a.j.e.J.Extraer token: TOKEN EXTRACTED OK: eyJhbGciOiJIUzI1NiJ9...
2026-05-30 11:53:57,295 INFO o.a.j.t.JMeterThread: Thread started: Usuarios Concurrentes (50) 1-16
2026-05-30 11:53:57,304 INFO o.a.j.e.J.Extraer token: TOKEN EXTRACTED OK: eyJhbGciOiJIUzI1NiJ9...
2026-05-30 11:53:57,316 INFO o.a.j.e.J.Extraer token: TOKEN EXTRACTED OK: eyJhbGciOiJIUzI1NiJ9...
2026-05-30 11:53:57,332 INFO o.a.j.e.J.Extraer token: TOKEN EXTRACTED OK: eyJhbGciOiJIUzI1NiJ9...
2026-05-30 11:53:57,342 INFO o.a.j.e.J.Extraer token: TOKEN EXTRACTED OK: eyJhbGciOiJIUzI1NiJ9...
2026-05-30 11:53:57,359 INFO o.a.j.e.J.Extraer token: TOKEN EXTRACTED OK: eyJhbGciOiJIUzI1NiJ9...
2026-05-30 11:53:57,359 INFO o.a.j.t.JMeterThread: Thread is done: Usuarios Concurrentes (50) 1-8
2026-05-30 11:53:57,359 INFO o.a.j.t.JMeterThread: Thread finished: Usuarios Concurrentes (50) 1-8
2026-05-30 11:53:57,377 INFO o.a.j.e.J.Extraer token: TOKEN EXTRACTED OK: eyJhbGciOiJIUzI1NiJ9...
2026-05-30 11:53:57,384 INFO o.a.j.e.J.Extraer token: TOKEN EXTRACTED OK: eyJhbGciOiJIUzI1NiJ9...
2026-05-30 11:53:57,394 INFO o.a.j.t.JMeterThread: Thread started: Usuarios Concurrentes (50) 1-17
2026-05-30 11:53:57,421 INFO o.a.j.t.JMeterThread: Thread is done: Usuarios Concurrentes (50) 1-9
2026-05-30 11:53:57,421 INFO o.a.j.t.JMeterThread: Thread finished: Usuarios Concurrentes (50) 1-9
2026-05-30 11:53:57,455 INFO o.a.j.e.J.Extraer token: TOKEN EXTRACTED OK: eyJhbGciOiJIUzI1NiJ9...
2026-05-30 11:53:57,481 INFO o.a.j.e.J.Extraer token: TOKEN EXTRACTED OK: eyJhbGciOiJIUzI1NiJ9...
2026-05-30 11:53:57,485 INFO o.a.j.e.J.Extraer token: TOKEN EXTRACTED OK: eyJhbGciOiJIUzI1NiJ9...
2026-05-30 11:53:57,494 INFO o.a.j.e.J.Extraer token: TOKEN EXTRACTED OK: eyJhbGciOiJIUzI1NiJ9...
2026-05-30 11:53:57,494 INFO o.a.j.t.JMeterThread: Thread started: Usuarios Concurrentes (50) 1-18
2026-05-30 11:53:57,518 INFO o.a.j.e.J.Extraer token: TOKEN EXTRACTED OK: eyJhbGciOiJIUzI1NiJ9...
2026-05-30 11:53:57,525 INFO o.a.j.e.J.Extraer token: TOKEN EXTRACTED OK: eyJhbGciOiJIUzI1NiJ9...
2026-05-30 11:53:57,539 INFO o.a.j.e.J.Extraer token: TOKEN EXTRACTED OK: eyJhbGciOiJIUzI1NiJ9...
2026-05-30 11:53:57,543 INFO o.a.j.e.J.Extraer token: TOKEN EXTRACTED OK: eyJhbGciOiJIUzI1NiJ9...
2026-05-30 11:53:57,574 INFO o.a.j.t.JMeterThread: Thread is done: Usuarios Concurrentes (50) 1-10
2026-05-30 11:53:57,574 INFO o.a.j.t.JMeterThread: Thread finished: Usuarios Concurrentes (50) 1-10
2026-05-30 11:53:57,575 INFO o.a.j.e.J.Extraer token: TOKEN EXTRACTED OK: eyJhbGciOiJIUzI1NiJ9...
2026-05-30 11:53:57,594 INFO o.a.j.t.JMeterThread: Thread started: Usuarios Concurrentes (50) 1-19
2026-05-30 11:53:57,622 INFO o.a.j.e.J.Extraer token: TOKEN EXTRACTED OK: eyJhbGciOiJIUzI1NiJ9...
2026-05-30 11:53:57,625 INFO o.a.j.t.JMeterThread: Thread is done: Usuarios Concurrentes (50) 1-11
2026-05-30 11:53:57,625 INFO o.a.j.t.JMeterThread: Thread finished: Usuarios Concurrentes (50) 1-11
2026-05-30 11:53:57,647 INFO o.a.j.e.J.Extraer token: TOKEN EXTRACTED OK: eyJhbGciOiJIUzI1NiJ9...
2026-05-30 11:53:57,679 INFO o.a.j.e.J.Extraer token: TOKEN EXTRACTED OK: eyJhbGciOiJIUzI1NiJ9...
2026-05-30 11:53:57,686 INFO o.a.j.e.J.Extraer token: TOKEN EXTRACTED OK: eyJhbGciOiJIUzI1NiJ9...
2026-05-30 11:53:57,686 INFO o.a.j.e.J.Extraer token: TOKEN EXTRACTED OK: eyJhbGciOiJIUzI1NiJ9...
2026-05-30 11:53:57,689 INFO o.a.j.e.J.Extraer token: TOKEN EXTRACTED OK: eyJhbGciOiJIUzI1NiJ9...
2026-05-30 11:53:57,695 INFO o.a.j.t.JMeterThread: Thread started: Usuarios Concurrentes (50) 1-20
2026-05-30 11:53:57,700 INFO o.a.j.e.J.Extraer token: TOKEN EXTRACTED OK: eyJhbGciOiJIUzI1NiJ9...
2026-05-30 11:53:57,727 INFO o.a.j.e.J.Extraer token: TOKEN EXTRACTED OK: eyJhbGciOiJIUzI1NiJ9...
2026-05-30 11:53:57,763 INFO o.a.j.t.JMeterThread: Thread is done: Usuarios Concurrentes (50) 1-12
2026-05-30 11:53:57,763 INFO o.a.j.t.JMeterThread: Thread finished: Usuarios Concurrentes (50) 1-12
2026-05-30 11:53:57,765 INFO o.a.j.t.JMeterThread: Thread is done: Usuarios Concurrentes (50) 1-13
2026-05-30 11:53:57,765 INFO o.a.j.t.JMeterThread: Thread finished: Usuarios Concurrentes (50) 1-13
2026-05-30 11:53:57,774 INFO o.a.j.e.J.Extraer token: TOKEN EXTRACTED OK: eyJhbGciOiJIUzI1NiJ9...
2026-05-30 11:53:57,777 INFO o.a.j.e.J.Extraer token: TOKEN EXTRACTED OK: eyJhbGciOiJIUzI1NiJ9...
2026-05-30 11:53:57,795 INFO o.a.j.t.JMeterThread: Thread started: Usuarios Concurrentes (50) 1-21
2026-05-30 11:53:57,816 INFO o.a.j.e.J.Extraer token: TOKEN EXTRACTED OK: eyJhbGciOiJIUzI1NiJ9...
2026-05-30 11:53:57,864 INFO o.a.j.e.J.Extraer token: TOKEN EXTRACTED OK: eyJhbGciOiJIUzI1NiJ9...
2026-05-30 11:53:57,864 INFO o.a.j.e.J.Extraer token: TOKEN EXTRACTED OK: eyJhbGciOiJIUzI1NiJ9...
2026-05-30 11:53:57,866 INFO o.a.j.e.J.Extraer token: TOKEN EXTRACTED OK: eyJhbGciOiJIUzI1NiJ9...
2026-05-30 11:53:57,885 INFO o.a.j.e.J.Extraer token: TOKEN EXTRACTED OK: eyJhbGciOiJIUzI1NiJ9...
2026-05-30 11:53:57,894 INFO o.a.j.t.JMeterThread: Thread started: Usuarios Concurrentes (50) 1-22
2026-05-30 11:53:57,896 INFO o.a.j.e.J.Extraer token: TOKEN EXTRACTED OK: eyJhbGciOiJIUzI1NiJ9...
2026-05-30 11:53:57,917 INFO o.a.j.e.J.Extraer token: TOKEN EXTRACTED OK: eyJhbGciOiJIUzI1NiJ9...
2026-05-30 11:53:57,924 INFO o.a.j.e.J.Extraer token: TOKEN EXTRACTED OK: eyJhbGciOiJIUzI1NiJ9...
2026-05-30 11:53:57,974 INFO o.a.j.e.J.Extraer token: TOKEN EXTRACTED OK: eyJhbGciOiJIUzI1NiJ9...
2026-05-30 11:53:57,974 INFO o.a.j.e.J.Extraer token: TOKEN EXTRACTED OK: eyJhbGciOiJIUzI1NiJ9...
2026-05-30 11:53:57,986 INFO o.a.j.t.JMeterThread: Thread is done: Usuarios Concurrentes (50) 1-14
2026-05-30 11:53:57,986 INFO o.a.j.t.JMeterThread: Thread finished: Usuarios Concurrentes (50) 1-14
2026-05-30 11:53:57,994 INFO o.a.j.t.JMeterThread: Thread started: Usuarios Concurrentes (50) 1-23
2026-05-30 11:53:58,053 INFO o.a.j.e.J.Extraer token: TOKEN EXTRACTED OK: eyJhbGciOiJIUzI1NiJ9...
2026-05-30 11:53:58,069 INFO o.a.j.e.J.Extraer token: TOKEN EXTRACTED OK: eyJhbGciOiJIUzI1NiJ9...
2026-05-30 11:53:58,079 INFO o.a.j.t.JMeterThread: Thread is done: Usuarios Concurrentes (50) 1-15
2026-05-30 11:53:58,079 INFO o.a.j.t.JMeterThread: Thread finished: Usuarios Concurrentes (50) 1-15
2026-05-30 11:53:58,085 INFO o.a.j.e.J.Extraer token: TOKEN EXTRACTED OK: eyJhbGciOiJIUzI1NiJ9...
2026-05-30 11:53:58,094 INFO o.a.j.t.JMeterThread: Thread started: Usuarios Concurrentes (50) 1-24
2026-05-30 11:53:58,116 INFO o.a.j.e.J.Extraer token: TOKEN EXTRACTED OK: eyJhbGciOiJIUzI1NiJ9...
2026-05-30 11:53:58,119 INFO o.a.j.e.J.Extraer token: TOKEN EXTRACTED OK: eyJhbGciOiJIUzI1NiJ9...
2026-05-30 11:53:58,142 INFO o.a.j.t.JMeterThread: Thread is done: Usuarios Concurrentes (50) 1-16
2026-05-30 11:53:58,143 INFO o.a.j.t.JMeterThread: Thread finished: Usuarios Concurrentes (50) 1-16
2026-05-30 11:53:58,157 INFO o.a.j.e.J.Extraer token: TOKEN EXTRACTED OK: eyJhbGciOiJIUzI1NiJ9...
2026-05-30 11:53:58,172 INFO o.a.j.e.J.Extraer token: TOKEN EXTRACTED OK: eyJhbGciOiJIUzI1NiJ9...
2026-05-30 11:53:58,172 INFO o.a.j.e.J.Extraer token: TOKEN EXTRACTED OK: eyJhbGciOiJIUzI1NiJ9...
2026-05-30 11:53:58,181 INFO o.a.j.e.J.Extraer token: TOKEN EXTRACTED OK: eyJhbGciOiJIUzI1NiJ9...
2026-05-30 11:53:58,181 INFO o.a.j.e.J.Extraer token: TOKEN EXTRACTED OK: eyJhbGciOiJIUzI1NiJ9...
2026-05-30 11:53:58,195 INFO o.a.j.t.JMeterThread: Thread started: Usuarios Concurrentes (50) 1-25
2026-05-30 11:53:58,256 INFO o.a.j.e.J.Extraer token: TOKEN EXTRACTED OK: eyJhbGciOiJIUzI1NiJ9...
2026-05-30 11:53:58,271 INFO o.a.j.t.JMeterThread: Thread is done: Usuarios Concurrentes (50) 1-17
2026-05-30 11:53:58,272 INFO o.a.j.t.JMeterThread: Thread finished: Usuarios Concurrentes (50) 1-17
2026-05-30 11:53:58,272 INFO o.a.j.e.J.Extraer token: TOKEN EXTRACTED OK: eyJhbGciOiJIUzI1NiJ9...
2026-05-30 11:53:58,287 INFO o.a.j.e.J.Extraer token: TOKEN EXTRACTED OK: eyJhbGciOiJIUzI1NiJ9...
2026-05-30 11:53:58,293 INFO o.a.j.e.J.Extraer token: TOKEN EXTRACTED OK: eyJhbGciOiJIUzI1NiJ9...
2026-05-30 11:53:58,294 INFO o.a.j.t.JMeterThread: Thread started: Usuarios Concurrentes (50) 1-26
2026-05-30 11:53:58,335 INFO o.a.j.e.J.Extraer token: TOKEN EXTRACTED OK: eyJhbGciOiJIUzI1NiJ9...
2026-05-30 11:53:58,343 INFO o.a.j.e.J.Extraer token: TOKEN EXTRACTED OK: eyJhbGciOiJIUzI1NiJ9...
2026-05-30 11:53:58,352 INFO o.a.j.e.J.Extraer token: TOKEN EXTRACTED OK: eyJhbGciOiJIUzI1NiJ9...
2026-05-30 11:53:58,357 INFO o.a.j.e.J.Extraer token: TOKEN EXTRACTED OK: eyJhbGciOiJIUzI1NiJ9...
2026-05-30 11:53:58,375 INFO o.a.j.e.J.Extraer token: TOKEN EXTRACTED OK: eyJhbGciOiJIUzI1NiJ9...
2026-05-30 11:53:58,376 INFO o.a.j.t.JMeterThread: Thread is done: Usuarios Concurrentes (50) 1-18
2026-05-30 11:53:58,376 INFO o.a.j.t.JMeterThread: Thread finished: Usuarios Concurrentes (50) 1-18
2026-05-30 11:53:58,395 INFO o.a.j.t.JMeterThread: Thread started: Usuarios Concurrentes (50) 1-27
2026-05-30 11:53:58,421 INFO o.a.j.e.J.Extraer token: TOKEN EXTRACTED OK: eyJhbGciOiJIUzI1NiJ9...
2026-05-30 11:53:58,452 INFO o.a.j.e.J.Extraer token: TOKEN EXTRACTED OK: eyJhbGciOiJIUzI1NiJ9...
2026-05-30 11:53:58,455 INFO o.a.j.t.JMeterThread: Thread is done: Usuarios Concurrentes (50) 1-19
2026-05-30 11:53:58,455 INFO o.a.j.t.JMeterThread: Thread finished: Usuarios Concurrentes (50) 1-19
2026-05-30 11:53:58,468 INFO o.a.j.e.J.Extraer token: TOKEN EXTRACTED OK: eyJhbGciOiJIUzI1NiJ9...
2026-05-30 11:53:58,486 INFO o.a.j.e.J.Extraer token: TOKEN EXTRACTED OK: eyJhbGciOiJIUzI1NiJ9...
2026-05-30 11:53:58,495 INFO o.a.j.t.JMeterThread: Thread started: Usuarios Concurrentes (50) 1-28
2026-05-30 11:53:58,507 INFO o.a.j.e.J.Extraer token: TOKEN EXTRACTED OK: eyJhbGciOiJIUzI1NiJ9...
2026-05-30 11:53:58,524 INFO o.a.j.e.J.Extraer token: TOKEN EXTRACTED OK: eyJhbGciOiJIUzI1NiJ9...
2026-05-30 11:53:58,529 INFO o.a.j.e.J.Extraer token: TOKEN EXTRACTED OK: eyJhbGciOiJIUzI1NiJ9...
2026-05-30 11:53:58,538 INFO o.a.j.e.J.Extraer token: TOKEN EXTRACTED OK: eyJhbGciOiJIUzI1NiJ9...
2026-05-30 11:53:58,588 INFO o.a.j.e.J.Extraer token: TOKEN EXTRACTED OK: eyJhbGciOiJIUzI1NiJ9...
2026-05-30 11:53:58,594 INFO o.a.j.t.JMeterThread: Thread started: Usuarios Concurrentes (50) 1-29
2026-05-30 11:53:58,603 INFO o.a.j.e.J.Extraer token: TOKEN EXTRACTED OK: eyJhbGciOiJIUzI1NiJ9...
2026-05-30 11:53:58,615 INFO o.a.j.t.JMeterThread: Thread is done: Usuarios Concurrentes (50) 1-20
2026-05-30 11:53:58,615 INFO o.a.j.t.JMeterThread: Thread finished: Usuarios Concurrentes (50) 1-20
2026-05-30 11:53:58,618 INFO o.a.j.e.J.Extraer token: TOKEN EXTRACTED OK: eyJhbGciOiJIUzI1NiJ9...
2026-05-30 11:53:58,636 INFO o.a.j.e.J.Extraer token: TOKEN EXTRACTED OK: eyJhbGciOiJIUzI1NiJ9...
2026-05-30 11:53:58,651 INFO o.a.j.e.J.Extraer token: TOKEN EXTRACTED OK: eyJhbGciOiJIUzI1NiJ9...
2026-05-30 11:53:58,673 INFO o.a.j.e.J.Extraer token: TOKEN EXTRACTED OK: eyJhbGciOiJIUzI1NiJ9...
2026-05-30 11:53:58,680 INFO o.a.j.e.J.Extraer token: TOKEN EXTRACTED OK: eyJhbGciOiJIUzI1NiJ9...
2026-05-30 11:53:58,694 INFO o.a.j.e.J.Extraer token: TOKEN EXTRACTED OK: eyJhbGciOiJIUzI1NiJ9...
2026-05-30 11:53:58,694 INFO o.a.j.t.JMeterThread: Thread started: Usuarios Concurrentes (50) 1-30
2026-05-30 11:53:58,702 INFO o.a.j.e.J.Extraer token: TOKEN EXTRACTED OK: eyJhbGciOiJIUzI1NiJ9...
2026-05-30 11:53:58,712 INFO o.a.j.e.J.Extraer token: TOKEN EXTRACTED OK: eyJhbGciOiJIUzI1NiJ9...
2026-05-30 11:53:58,721 INFO o.a.j.t.JMeterThread: Thread is done: Usuarios Concurrentes (50) 1-21
2026-05-30 11:53:58,721 INFO o.a.j.t.JMeterThread: Thread finished: Usuarios Concurrentes (50) 1-21
2026-05-30 11:53:58,749 INFO o.a.j.e.J.Extraer token: TOKEN EXTRACTED OK: eyJhbGciOiJIUzI1NiJ9...
2026-05-30 11:53:58,755 INFO o.a.j.t.JMeterThread: Thread is done: Usuarios Concurrentes (50) 1-22
2026-05-30 11:53:58,755 INFO o.a.j.t.JMeterThread: Thread finished: Usuarios Concurrentes (50) 1-22
2026-05-30 11:53:58,773 INFO o.a.j.e.J.Extraer token: TOKEN EXTRACTED OK: eyJhbGciOiJIUzI1NiJ9...
2026-05-30 11:53:58,775 INFO o.a.j.e.J.Extraer token: TOKEN EXTRACTED OK: eyJhbGciOiJIUzI1NiJ9...
2026-05-30 11:53:58,777 INFO o.a.j.t.JMeterThread: Thread is done: Usuarios Concurrentes (50) 1-23
2026-05-30 11:53:58,777 INFO o.a.j.t.JMeterThread: Thread finished: Usuarios Concurrentes (50) 1-23
2026-05-30 11:53:58,794 INFO o.a.j.t.JMeterThread: Thread started: Usuarios Concurrentes (50) 1-31
2026-05-30 11:53:58,815 INFO o.a.j.e.J.Extraer token: TOKEN EXTRACTED OK: eyJhbGciOiJIUzI1NiJ9...
2026-05-30 11:53:58,847 INFO o.a.j.e.J.Extraer token: TOKEN EXTRACTED OK: eyJhbGciOiJIUzI1NiJ9...
2026-05-30 11:53:58,860 INFO o.a.j.e.J.Extraer token: TOKEN EXTRACTED OK: eyJhbGciOiJIUzI1NiJ9...
2026-05-30 11:53:58,870 INFO o.a.j.e.J.Extraer token: TOKEN EXTRACTED OK: eyJhbGciOiJIUzI1NiJ9...
2026-05-30 11:53:58,882 INFO o.a.j.e.J.Extraer token: TOKEN EXTRACTED OK: eyJhbGciOiJIUzI1NiJ9...
2026-05-30 11:53:58,895 INFO o.a.j.t.JMeterThread: Thread started: Usuarios Concurrentes (50) 1-32
2026-05-30 11:53:58,915 INFO o.a.j.e.J.Extraer token: TOKEN EXTRACTED OK: eyJhbGciOiJIUzI1NiJ9...
2026-05-30 11:53:58,926 INFO o.a.j.e.J.Extraer token: TOKEN EXTRACTED OK: eyJhbGciOiJIUzI1NiJ9...
2026-05-30 11:53:58,929 INFO o.a.j.e.J.Extraer token: TOKEN EXTRACTED OK: eyJhbGciOiJIUzI1NiJ9...
2026-05-30 11:53:58,962 INFO o.a.j.t.JMeterThread: Thread is done: Usuarios Concurrentes (50) 1-24
2026-05-30 11:53:58,962 INFO o.a.j.t.JMeterThread: Thread finished: Usuarios Concurrentes (50) 1-24
2026-05-30 11:53:58,968 INFO o.a.j.e.J.Extraer token: TOKEN EXTRACTED OK: eyJhbGciOiJIUzI1NiJ9...
2026-05-30 11:53:58,973 INFO o.a.j.e.J.Extraer token: TOKEN EXTRACTED OK: eyJhbGciOiJIUzI1NiJ9...
2026-05-30 11:53:58,994 INFO o.a.j.t.JMeterThread: Thread started: Usuarios Concurrentes (50) 1-33
2026-05-30 11:53:59,010 INFO o.a.j.e.J.Extraer token: TOKEN EXTRACTED OK: eyJhbGciOiJIUzI1NiJ9...
2026-05-30 11:53:59,014 INFO o.a.j.t.JMeterThread: Thread is done: Usuarios Concurrentes (50) 1-25
2026-05-30 11:53:59,014 INFO o.a.j.t.JMeterThread: Thread finished: Usuarios Concurrentes (50) 1-25
2026-05-30 11:53:59,019 INFO o.a.j.e.J.Extraer token: TOKEN EXTRACTED OK: eyJhbGciOiJIUzI1NiJ9...
2026-05-30 11:53:59,026 INFO o.a.j.e.J.Extraer token: TOKEN EXTRACTED OK: eyJhbGciOiJIUzI1NiJ9...
2026-05-30 11:53:59,068 INFO o.a.j.e.J.Extraer token: TOKEN EXTRACTED OK: eyJhbGciOiJIUzI1NiJ9...
2026-05-30 11:53:59,073 INFO o.a.j.e.J.Extraer token: TOKEN EXTRACTED OK: eyJhbGciOiJIUzI1NiJ9...
2026-05-30 11:53:59,090 INFO o.a.j.e.J.Extraer token: TOKEN EXTRACTED OK: eyJhbGciOiJIUzI1NiJ9...
2026-05-30 11:53:59,095 INFO o.a.j.t.JMeterThread: Thread started: Usuarios Concurrentes (50) 1-34
2026-05-30 11:53:59,100 INFO o.a.j.t.JMeterThread: Thread is done: Usuarios Concurrentes (50) 1-26
2026-05-30 11:53:59,100 INFO o.a.j.t.JMeterThread: Thread finished: Usuarios Concurrentes (50) 1-26
2026-05-30 11:53:59,136 INFO o.a.j.e.J.Extraer token: TOKEN EXTRACTED OK: eyJhbGciOiJIUzI1NiJ9...
2026-05-30 11:53:59,149 INFO o.a.j.e.J.Extraer token: TOKEN EXTRACTED OK: eyJhbGciOiJIUzI1NiJ9...
2026-05-30 11:53:59,181 INFO o.a.j.e.J.Extraer token: TOKEN EXTRACTED OK: eyJhbGciOiJIUzI1NiJ9...
2026-05-30 11:53:59,181 INFO o.a.j.e.J.Extraer token: TOKEN EXTRACTED OK: eyJhbGciOiJIUzI1NiJ9...
2026-05-30 11:53:59,188 INFO o.a.j.e.J.Extraer token: TOKEN EXTRACTED OK: eyJhbGciOiJIUzI1NiJ9...
2026-05-30 11:53:59,192 INFO o.a.j.e.J.Extraer token: TOKEN EXTRACTED OK: eyJhbGciOiJIUzI1NiJ9...
2026-05-30 11:53:59,195 INFO o.a.j.t.JMeterThread: Thread started: Usuarios Concurrentes (50) 1-35
2026-05-30 11:53:59,220 INFO o.a.j.t.JMeterThread: Thread is done: Usuarios Concurrentes (50) 1-27
2026-05-30 11:53:59,220 INFO o.a.j.t.JMeterThread: Thread finished: Usuarios Concurrentes (50) 1-27
2026-05-30 11:53:59,224 INFO o.a.j.e.J.Extraer token: TOKEN EXTRACTED OK: eyJhbGciOiJIUzI1NiJ9...
2026-05-30 11:53:59,226 INFO o.a.j.e.J.Extraer token: TOKEN EXTRACTED OK: eyJhbGciOiJIUzI1NiJ9...
2026-05-30 11:53:59,274 INFO o.a.j.e.J.Extraer token: TOKEN EXTRACTED OK: eyJhbGciOiJIUzI1NiJ9...
2026-05-30 11:53:59,295 INFO o.a.j.t.JMeterThread: Thread started: Usuarios Concurrentes (50) 1-36
2026-05-30 11:53:59,315 INFO o.a.j.t.JMeterThread: Thread is done: Usuarios Concurrentes (50) 1-28
2026-05-30 11:53:59,315 INFO o.a.j.t.JMeterThread: Thread finished: Usuarios Concurrentes (50) 1-28
2026-05-30 11:53:59,321 INFO o.a.j.e.J.Extraer token: TOKEN EXTRACTED OK: eyJhbGciOiJIUzI1NiJ9...
2026-05-30 11:53:59,341 INFO o.a.j.e.J.Extraer token: TOKEN EXTRACTED OK: eyJhbGciOiJIUzI1NiJ9...
2026-05-30 11:53:59,356 INFO o.a.j.e.J.Extraer token: TOKEN EXTRACTED OK: eyJhbGciOiJIUzI1NiJ9...
2026-05-30 11:53:59,368 INFO o.a.j.e.J.Extraer token: TOKEN EXTRACTED OK: eyJhbGciOiJIUzI1NiJ9...
2026-05-30 11:53:59,371 INFO o.a.j.e.J.Extraer token: TOKEN EXTRACTED OK: eyJhbGciOiJIUzI1NiJ9...
2026-05-30 11:53:59,371 INFO o.a.j.e.J.Extraer token: TOKEN EXTRACTED OK: eyJhbGciOiJIUzI1NiJ9...
2026-05-30 11:53:59,394 INFO o.a.j.t.JMeterThread: Thread started: Usuarios Concurrentes (50) 1-37
2026-05-30 11:53:59,397 INFO o.a.j.e.J.Extraer token: TOKEN EXTRACTED OK: eyJhbGciOiJIUzI1NiJ9...
2026-05-30 11:53:59,433 INFO o.a.j.e.J.Extraer token: TOKEN EXTRACTED OK: eyJhbGciOiJIUzI1NiJ9...
2026-05-30 11:53:59,466 INFO o.a.j.t.JMeterThread: Thread is done: Usuarios Concurrentes (50) 1-29
2026-05-30 11:53:59,466 INFO o.a.j.t.JMeterThread: Thread finished: Usuarios Concurrentes (50) 1-29
2026-05-30 11:53:59,469 INFO o.a.j.t.JMeterThread: Thread is done: Usuarios Concurrentes (50) 1-30
2026-05-30 11:53:59,469 INFO o.a.j.t.JMeterThread: Thread finished: Usuarios Concurrentes (50) 1-30
2026-05-30 11:53:59,475 INFO o.a.j.e.J.Extraer token: TOKEN EXTRACTED OK: eyJhbGciOiJIUzI1NiJ9...
2026-05-30 11:53:59,482 INFO o.a.j.e.J.Extraer token: TOKEN EXTRACTED OK: eyJhbGciOiJIUzI1NiJ9...
2026-05-30 11:53:59,488 INFO o.a.j.e.J.Extraer token: TOKEN EXTRACTED OK: eyJhbGciOiJIUzI1NiJ9...
2026-05-30 11:53:59,494 INFO o.a.j.t.JMeterThread: Thread started: Usuarios Concurrentes (50) 1-38
2026-05-30 11:53:59,515 INFO o.a.j.e.J.Extraer token: TOKEN EXTRACTED OK: eyJhbGciOiJIUzI1NiJ9...
2026-05-30 11:53:59,535 INFO o.a.j.e.J.Extraer token: TOKEN EXTRACTED OK: eyJhbGciOiJIUzI1NiJ9...
2026-05-30 11:53:59,565 INFO o.a.j.e.J.Extraer token: TOKEN EXTRACTED OK: eyJhbGciOiJIUzI1NiJ9...
2026-05-30 11:53:59,577 INFO o.a.j.e.J.Extraer token: TOKEN EXTRACTED OK: eyJhbGciOiJIUzI1NiJ9...
2026-05-30 11:53:59,595 INFO o.a.j.t.JMeterThread: Thread started: Usuarios Concurrentes (50) 1-39
2026-05-30 11:53:59,599 INFO o.a.j.e.J.Extraer token: TOKEN EXTRACTED OK: eyJhbGciOiJIUzI1NiJ9...
2026-05-30 11:53:59,643 INFO o.a.j.t.JMeterThread: Thread is done: Usuarios Concurrentes (50) 1-31
2026-05-30 11:53:59,643 INFO o.a.j.t.JMeterThread: Thread finished: Usuarios Concurrentes (50) 1-31
2026-05-30 11:53:59,669 INFO o.a.j.e.J.Extraer token: TOKEN EXTRACTED OK: eyJhbGciOiJIUzI1NiJ9...
2026-05-30 11:53:59,672 INFO o.a.j.e.J.Extraer token: TOKEN EXTRACTED OK: eyJhbGciOiJIUzI1NiJ9...
2026-05-30 11:53:59,673 INFO o.a.j.e.J.Extraer token: TOKEN EXTRACTED OK: eyJhbGciOiJIUzI1NiJ9...
2026-05-30 11:53:59,676 INFO o.a.j.e.J.Extraer token: TOKEN EXTRACTED OK: eyJhbGciOiJIUzI1NiJ9...
2026-05-30 11:53:59,694 INFO o.a.j.t.JMeterThread: Thread started: Usuarios Concurrentes (50) 1-40
2026-05-30 11:53:59,701 INFO o.a.j.e.J.Extraer token: TOKEN EXTRACTED OK: eyJhbGciOiJIUzI1NiJ9...
2026-05-30 11:53:59,712 INFO o.a.j.e.J.Extraer token: TOKEN EXTRACTED OK: eyJhbGciOiJIUzI1NiJ9...
2026-05-30 11:53:59,741 INFO o.a.j.e.J.Extraer token: TOKEN EXTRACTED OK: eyJhbGciOiJIUzI1NiJ9...
2026-05-30 11:53:59,763 INFO o.a.j.e.J.Extraer token: TOKEN EXTRACTED OK: eyJhbGciOiJIUzI1NiJ9...
2026-05-30 11:53:59,773 INFO o.a.j.e.J.Extraer token: TOKEN EXTRACTED OK: eyJhbGciOiJIUzI1NiJ9...
2026-05-30 11:53:59,776 INFO o.a.j.t.JMeterThread: Thread is done: Usuarios Concurrentes (50) 1-32
2026-05-30 11:53:59,776 INFO o.a.j.t.JMeterThread: Thread finished: Usuarios Concurrentes (50) 1-32
2026-05-30 11:53:59,795 INFO o.a.j.t.JMeterThread: Thread started: Usuarios Concurrentes (50) 1-41
2026-05-30 11:53:59,838 INFO o.a.j.e.J.Extraer token: TOKEN EXTRACTED OK: eyJhbGciOiJIUzI1NiJ9...
2026-05-30 11:53:59,839 INFO o.a.j.t.JMeterThread: Thread is done: Usuarios Concurrentes (50) 1-33
2026-05-30 11:53:59,839 INFO o.a.j.t.JMeterThread: Thread finished: Usuarios Concurrentes (50) 1-33
2026-05-30 11:53:59,856 INFO o.a.j.e.J.Extraer token: TOKEN EXTRACTED OK: eyJhbGciOiJIUzI1NiJ9...
2026-05-30 11:53:59,861 INFO o.a.j.e.J.Extraer token: TOKEN EXTRACTED OK: eyJhbGciOiJIUzI1NiJ9...
2026-05-30 11:53:59,872 INFO o.a.j.e.J.Extraer token: TOKEN EXTRACTED OK: eyJhbGciOiJIUzI1NiJ9...
2026-05-30 11:53:59,877 INFO o.a.j.e.J.Extraer token: TOKEN EXTRACTED OK: eyJhbGciOiJIUzI1NiJ9...
2026-05-30 11:53:59,893 INFO o.a.j.e.J.Extraer token: TOKEN EXTRACTED OK: eyJhbGciOiJIUzI1NiJ9...
2026-05-30 11:53:59,895 INFO o.a.j.t.JMeterThread: Thread started: Usuarios Concurrentes (50) 1-42
2026-05-30 11:53:59,934 INFO o.a.j.e.J.Extraer token: TOKEN EXTRACTED OK: eyJhbGciOiJIUzI1NiJ9...
2026-05-30 11:53:59,938 INFO o.a.j.e.J.Extraer token: TOKEN EXTRACTED OK: eyJhbGciOiJIUzI1NiJ9...
2026-05-30 11:53:59,969 INFO o.a.j.t.JMeterThread: Thread is done: Usuarios Concurrentes (50) 1-35
2026-05-30 11:53:59,969 INFO o.a.j.t.JMeterThread: Thread finished: Usuarios Concurrentes (50) 1-35
2026-05-30 11:53:59,974 INFO o.a.j.e.J.Extraer token: TOKEN EXTRACTED OK: eyJhbGciOiJIUzI1NiJ9...
2026-05-30 11:53:59,990 INFO o.a.j.t.JMeterThread: Thread is done: Usuarios Concurrentes (50) 1-34
2026-05-30 11:53:59,990 INFO o.a.j.t.JMeterThread: Thread finished: Usuarios Concurrentes (50) 1-34
2026-05-30 11:53:59,995 INFO o.a.j.t.JMeterThread: Thread started: Usuarios Concurrentes (50) 1-43
2026-05-30 11:54:00,018 INFO o.a.j.e.J.Extraer token: TOKEN EXTRACTED OK: eyJhbGciOiJIUzI1NiJ9...
2026-05-30 11:54:00,029 INFO o.a.j.e.J.Extraer token: TOKEN EXTRACTED OK: eyJhbGciOiJIUzI1NiJ9...
2026-05-30 11:54:00,031 INFO o.a.j.e.J.Extraer token: TOKEN EXTRACTED OK: eyJhbGciOiJIUzI1NiJ9...
2026-05-30 11:54:00,051 INFO o.a.j.e.J.Extraer token: TOKEN EXTRACTED OK: eyJhbGciOiJIUzI1NiJ9...
2026-05-30 11:54:00,080 INFO o.a.j.e.J.Extraer token: TOKEN EXTRACTED OK: eyJhbGciOiJIUzI1NiJ9...
2026-05-30 11:54:00,094 INFO o.a.j.t.JMeterThread: Thread started: Usuarios Concurrentes (50) 1-44
2026-05-30 11:54:00,103 INFO o.a.j.e.J.Extraer token: TOKEN EXTRACTED OK: eyJhbGciOiJIUzI1NiJ9...
2026-05-30 11:54:00,109 INFO o.a.j.e.J.Extraer token: TOKEN EXTRACTED OK: eyJhbGciOiJIUzI1NiJ9...
2026-05-30 11:54:00,125 INFO o.a.j.t.JMeterThread: Thread is done: Usuarios Concurrentes (50) 1-36
2026-05-30 11:54:00,125 INFO o.a.j.t.JMeterThread: Thread finished: Usuarios Concurrentes (50) 1-36
2026-05-30 11:54:00,143 INFO o.a.j.e.J.Extraer token: TOKEN EXTRACTED OK: eyJhbGciOiJIUzI1NiJ9...
2026-05-30 11:54:00,186 INFO o.a.j.e.J.Extraer token: TOKEN EXTRACTED OK: eyJhbGciOiJIUzI1NiJ9...
2026-05-30 11:54:00,195 INFO o.a.j.t.JMeterThread: Thread started: Usuarios Concurrentes (50) 1-45
2026-05-30 11:54:00,196 INFO o.a.j.e.J.Extraer token: TOKEN EXTRACTED OK: eyJhbGciOiJIUzI1NiJ9...
2026-05-30 11:54:00,201 INFO o.a.j.e.J.Extraer token: TOKEN EXTRACTED OK: eyJhbGciOiJIUzI1NiJ9...
2026-05-30 11:54:00,220 INFO o.a.j.e.J.Extraer token: TOKEN EXTRACTED OK: eyJhbGciOiJIUzI1NiJ9...
2026-05-30 11:54:00,256 INFO o.a.j.e.J.Extraer token: TOKEN EXTRACTED OK: eyJhbGciOiJIUzI1NiJ9...
2026-05-30 11:54:00,280 INFO o.a.j.e.J.Extraer token: TOKEN EXTRACTED OK: eyJhbGciOiJIUzI1NiJ9...
2026-05-30 11:54:00,290 INFO o.a.j.t.JMeterThread: Thread is done: Usuarios Concurrentes (50) 1-37
2026-05-30 11:54:00,290 INFO o.a.j.t.JMeterThread: Thread finished: Usuarios Concurrentes (50) 1-37
2026-05-30 11:54:00,295 INFO o.a.j.t.JMeterThread: Thread started: Usuarios Concurrentes (50) 1-46
2026-05-30 11:54:00,296 INFO o.a.j.e.J.Extraer token: TOKEN EXTRACTED OK: eyJhbGciOiJIUzI1NiJ9...
2026-05-30 11:54:00,302 INFO o.a.j.e.J.Extraer token: TOKEN EXTRACTED OK: eyJhbGciOiJIUzI1NiJ9...
2026-05-30 11:54:00,328 INFO o.a.j.e.J.Extraer token: TOKEN EXTRACTED OK: eyJhbGciOiJIUzI1NiJ9...
2026-05-30 11:54:00,371 INFO o.a.j.e.J.Extraer token: TOKEN EXTRACTED OK: eyJhbGciOiJIUzI1NiJ9...
2026-05-30 11:54:00,371 INFO o.a.j.e.J.Extraer token: TOKEN EXTRACTED OK: eyJhbGciOiJIUzI1NiJ9...
2026-05-30 11:54:00,374 INFO o.a.j.e.J.Extraer token: TOKEN EXTRACTED OK: eyJhbGciOiJIUzI1NiJ9...
2026-05-30 11:54:00,377 INFO o.a.j.t.JMeterThread: Thread is done: Usuarios Concurrentes (50) 1-38
2026-05-30 11:54:00,377 INFO o.a.j.t.JMeterThread: Thread finished: Usuarios Concurrentes (50) 1-38
2026-05-30 11:54:00,394 INFO o.a.j.t.JMeterThread: Thread started: Usuarios Concurrentes (50) 1-47
2026-05-30 11:54:00,395 INFO o.a.j.e.J.Extraer token: TOKEN EXTRACTED OK: eyJhbGciOiJIUzI1NiJ9...
2026-05-30 11:54:00,428 INFO o.a.j.e.J.Extraer token: TOKEN EXTRACTED OK: eyJhbGciOiJIUzI1NiJ9...
2026-05-30 11:54:00,450 INFO o.a.j.e.J.Extraer token: TOKEN EXTRACTED OK: eyJhbGciOiJIUzI1NiJ9...
2026-05-30 11:54:00,454 INFO o.a.j.t.JMeterThread: Thread is done: Usuarios Concurrentes (50) 1-39
2026-05-30 11:54:00,454 INFO o.a.j.t.JMeterThread: Thread finished: Usuarios Concurrentes (50) 1-39
2026-05-30 11:54:00,460 INFO o.a.j.e.J.Extraer token: TOKEN EXTRACTED OK: eyJhbGciOiJIUzI1NiJ9...
2026-05-30 11:54:00,481 INFO o.a.j.e.J.Extraer token: TOKEN EXTRACTED OK: eyJhbGciOiJIUzI1NiJ9...
2026-05-30 11:54:00,484 INFO o.a.j.e.J.Extraer token: TOKEN EXTRACTED OK: eyJhbGciOiJIUzI1NiJ9...
2026-05-30 11:54:00,495 INFO o.a.j.t.JMeterThread: Thread started: Usuarios Concurrentes (50) 1-48
2026-05-30 11:54:00,540 INFO o.a.j.e.J.Extraer token: TOKEN EXTRACTED OK: eyJhbGciOiJIUzI1NiJ9...
2026-05-30 11:54:00,542 INFO o.a.j.e.J.Extraer token: TOKEN EXTRACTED OK: eyJhbGciOiJIUzI1NiJ9...
2026-05-30 11:54:00,542 INFO o.a.j.t.JMeterThread: Thread is done: Usuarios Concurrentes (50) 1-40
2026-05-30 11:54:00,542 INFO o.a.j.t.JMeterThread: Thread finished: Usuarios Concurrentes (50) 1-40
2026-05-30 11:54:00,563 INFO o.a.j.e.J.Extraer token: TOKEN EXTRACTED OK: eyJhbGciOiJIUzI1NiJ9...
2026-05-30 11:54:00,572 INFO o.a.j.e.J.Extraer token: TOKEN EXTRACTED OK: eyJhbGciOiJIUzI1NiJ9...
2026-05-30 11:54:00,589 INFO o.a.j.e.J.Extraer token: TOKEN EXTRACTED OK: eyJhbGciOiJIUzI1NiJ9...
2026-05-30 11:54:00,595 INFO o.a.j.t.JMeterThread: Thread started: Usuarios Concurrentes (50) 1-49
2026-05-30 11:54:00,602 INFO o.a.j.e.J.Extraer token: TOKEN EXTRACTED OK: eyJhbGciOiJIUzI1NiJ9...
2026-05-30 11:54:00,642 INFO o.a.j.e.J.Extraer token: TOKEN EXTRACTED OK: eyJhbGciOiJIUzI1NiJ9...
2026-05-30 11:54:00,647 INFO o.a.j.e.J.Extraer token: TOKEN EXTRACTED OK: eyJhbGciOiJIUzI1NiJ9...
2026-05-30 11:54:00,660 INFO o.a.j.t.JMeterThread: Thread is done: Usuarios Concurrentes (50) 1-41
2026-05-30 11:54:00,660 INFO o.a.j.t.JMeterThread: Thread finished: Usuarios Concurrentes (50) 1-41
2026-05-30 11:54:00,681 INFO o.a.j.e.J.Extraer token: TOKEN EXTRACTED OK: eyJhbGciOiJIUzI1NiJ9...
2026-05-30 11:54:00,695 INFO o.a.j.t.JMeterThread: Thread started: Usuarios Concurrentes (50) 1-50
2026-05-30 11:54:00,708 INFO o.a.j.e.J.Extraer token: TOKEN EXTRACTED OK: eyJhbGciOiJIUzI1NiJ9...
2026-05-30 11:54:00,712 INFO o.a.j.e.J.Extraer token: TOKEN EXTRACTED OK: eyJhbGciOiJIUzI1NiJ9...
2026-05-30 11:54:00,737 INFO o.a.j.t.JMeterThread: Thread is done: Usuarios Concurrentes (50) 1-42
2026-05-30 11:54:00,737 INFO o.a.j.t.JMeterThread: Thread finished: Usuarios Concurrentes (50) 1-42
2026-05-30 11:54:00,752 INFO o.a.j.e.J.Extraer token: TOKEN EXTRACTED OK: eyJhbGciOiJIUzI1NiJ9...
2026-05-30 11:54:00,762 INFO o.a.j.e.J.Extraer token: TOKEN EXTRACTED OK: eyJhbGciOiJIUzI1NiJ9...
2026-05-30 11:54:00,775 INFO o.a.j.e.J.Extraer token: TOKEN EXTRACTED OK: eyJhbGciOiJIUzI1NiJ9...
2026-05-30 11:54:00,781 INFO o.a.j.e.J.Extraer token: TOKEN EXTRACTED OK: eyJhbGciOiJIUzI1NiJ9...
2026-05-30 11:54:00,818 INFO o.a.j.e.J.Extraer token: TOKEN EXTRACTED OK: eyJhbGciOiJIUzI1NiJ9...
2026-05-30 11:54:00,858 INFO o.a.j.t.JMeterThread: Thread is done: Usuarios Concurrentes (50) 1-43
2026-05-30 11:54:00,858 INFO o.a.j.t.JMeterThread: Thread finished: Usuarios Concurrentes (50) 1-43
2026-05-30 11:54:00,862 INFO o.a.j.e.J.Extraer token: TOKEN EXTRACTED OK: eyJhbGciOiJIUzI1NiJ9...
2026-05-30 11:54:00,883 INFO o.a.j.e.J.Extraer token: TOKEN EXTRACTED OK: eyJhbGciOiJIUzI1NiJ9...
2026-05-30 11:54:00,883 INFO o.a.j.e.J.Extraer token: TOKEN EXTRACTED OK: eyJhbGciOiJIUzI1NiJ9...
2026-05-30 11:54:00,916 INFO o.a.j.e.J.Extraer token: TOKEN EXTRACTED OK: eyJhbGciOiJIUzI1NiJ9...
2026-05-30 11:54:00,928 INFO o.a.j.e.J.Extraer token: TOKEN EXTRACTED OK: eyJhbGciOiJIUzI1NiJ9...
2026-05-30 11:54:00,950 INFO o.a.j.e.J.Extraer token: TOKEN EXTRACTED OK: eyJhbGciOiJIUzI1NiJ9...
2026-05-30 11:54:00,952 INFO o.a.j.e.J.Extraer token: TOKEN EXTRACTED OK: eyJhbGciOiJIUzI1NiJ9...
2026-05-30 11:54:00,992 INFO o.a.j.t.JMeterThread: Thread is done: Usuarios Concurrentes (50) 1-44
2026-05-30 11:54:00,992 INFO o.a.j.t.JMeterThread: Thread finished: Usuarios Concurrentes (50) 1-44
2026-05-30 11:54:01,034 INFO o.a.j.e.J.Extraer token: TOKEN EXTRACTED OK: eyJhbGciOiJIUzI1NiJ9...
2026-05-30 11:54:01,039 INFO o.a.j.t.JMeterThread: Thread is done: Usuarios Concurrentes (50) 1-45
2026-05-30 11:54:01,039 INFO o.a.j.e.J.Extraer token: TOKEN EXTRACTED OK: eyJhbGciOiJIUzI1NiJ9...
2026-05-30 11:54:01,039 INFO o.a.j.t.JMeterThread: Thread finished: Usuarios Concurrentes (50) 1-45
2026-05-30 11:54:01,056 INFO o.a.j.e.J.Extraer token: TOKEN EXTRACTED OK: eyJhbGciOiJIUzI1NiJ9...
2026-05-30 11:54:01,102 INFO o.a.j.e.J.Extraer token: TOKEN EXTRACTED OK: eyJhbGciOiJIUzI1NiJ9...
2026-05-30 11:54:01,115 INFO o.a.j.t.JMeterThread: Thread is done: Usuarios Concurrentes (50) 1-47
2026-05-30 11:54:01,115 INFO o.a.j.t.JMeterThread: Thread finished: Usuarios Concurrentes (50) 1-47
2026-05-30 11:54:01,133 INFO o.a.j.e.J.Extraer token: TOKEN EXTRACTED OK: eyJhbGciOiJIUzI1NiJ9...
2026-05-30 11:54:01,143 INFO o.a.j.t.JMeterThread: Thread is done: Usuarios Concurrentes (50) 1-46
2026-05-30 11:54:01,144 INFO o.a.j.t.JMeterThread: Thread finished: Usuarios Concurrentes (50) 1-46
2026-05-30 11:54:01,196 INFO o.a.j.e.J.Extraer token: TOKEN EXTRACTED OK: eyJhbGciOiJIUzI1NiJ9...
2026-05-30 11:54:01,200 INFO o.a.j.e.J.Extraer token: TOKEN EXTRACTED OK: eyJhbGciOiJIUzI1NiJ9...
2026-05-30 11:54:01,276 INFO o.a.j.t.JMeterThread: Thread is done: Usuarios Concurrentes (50) 1-48
2026-05-30 11:54:01,276 INFO o.a.j.t.JMeterThread: Thread finished: Usuarios Concurrentes (50) 1-48
2026-05-30 11:54:01,286 INFO o.a.j.e.J.Extraer token: TOKEN EXTRACTED OK: eyJhbGciOiJIUzI1NiJ9...
2026-05-30 11:54:01,340 INFO o.a.j.e.J.Extraer token: TOKEN EXTRACTED OK: eyJhbGciOiJIUzI1NiJ9...
2026-05-30 11:54:01,404 INFO o.a.j.t.JMeterThread: Thread is done: Usuarios Concurrentes (50) 1-49
2026-05-30 11:54:01,404 INFO o.a.j.t.JMeterThread: Thread finished: Usuarios Concurrentes (50) 1-49
2026-05-30 11:54:01,431 INFO o.a.j.e.J.Extraer token: TOKEN EXTRACTED OK: eyJhbGciOiJIUzI1NiJ9...
2026-05-30 11:54:01,507 INFO o.a.j.t.JMeterThread: Thread is done: Usuarios Concurrentes (50) 1-50
2026-05-30 11:54:01,507 INFO o.a.j.t.JMeterThread: Thread finished: Usuarios Concurrentes (50) 1-50
2026-05-30 11:54:01,507 INFO o.a.j.e.StandardJMeterEngine: Starting tearDown thread groups
2026-05-30 11:54:01,507 INFO o.a.j.e.StandardJMeterEngine: Starting tearDown ThreadGroup: 1 : TearDown - Limpiar listas huerfanas
2026-05-30 11:54:01,507 INFO o.a.j.e.StandardJMeterEngine: Starting 1 threads for group TearDown - Limpiar listas huerfanas.
2026-05-30 11:54:01,507 INFO o.a.j.e.StandardJMeterEngine: Thread will continue on error
2026-05-30 11:54:01,507 INFO o.a.j.t.ThreadGroup: Starting thread group... number=1 threads=1 ramp-up=1 delayedStart=false
2026-05-30 11:54:01,507 INFO o.a.j.t.ThreadGroup: Started thread group number 1
2026-05-30 11:54:01,508 INFO o.a.j.t.JMeterThread: Thread started: TearDown - Limpiar listas huerfanas 1-1
2026-05-30 11:54:01,629 INFO o.a.j.e.J.Borrar listas huerfanas: TEARDOWN: borradas 6 listas huerfanas
2026-05-30 11:54:01,629 INFO o.a.j.t.JMeterThread: Thread is done: TearDown - Limpiar listas huerfanas 1-1
2026-05-30 11:54:01,629 INFO o.a.j.t.JMeterThread: Thread finished: TearDown - Limpiar listas huerfanas 1-1
2026-05-30 11:54:01,629 INFO o.a.j.e.StandardJMeterEngine: Notifying test listeners of end of test
2026-05-30 11:54:01,629 INFO o.a.j.g.u.JMeterMenuBar: setRunning(false, *local*)
2026-05-30 11:54:49,663 INFO o.a.j.e.StandardJMeterEngine: Running the test!
2026-05-30 11:54:49,664 INFO o.a.j.s.SampleEvent: List of sample_variables: []
2026-05-30 11:54:49,667 INFO o.a.j.g.u.JMeterMenuBar: setRunning(true, *local*)
2026-05-30 11:54:49,670 INFO o.a.j.e.StandardJMeterEngine: Starting setUp thread groups
2026-05-30 11:54:49,670 INFO o.a.j.e.StandardJMeterEngine: Starting setUp ThreadGroup: 1 : Set Up - Registrar usuario 
2026-05-30 11:54:49,670 INFO o.a.j.e.StandardJMeterEngine: Starting 1 threads for group Set Up - Registrar usuario.
2026-05-30 11:54:49,670 INFO o.a.j.e.StandardJMeterEngine: Thread will continue on error
2026-05-30 11:54:49,670 INFO o.a.j.t.ThreadGroup: Starting thread group... number=1 threads=1 ramp-up=1 delayedStart=false
2026-05-30 11:54:49,671 INFO o.a.j.t.ThreadGroup: Started thread group number 1
2026-05-30 11:54:49,671 INFO o.a.j.e.StandardJMeterEngine: Waiting for all setup thread groups to exit
2026-05-30 11:54:49,671 INFO o.a.j.t.JMeterThread: Thread started: Set Up - Registrar usuario 1-1
2026-05-30 11:54:49,744 INFO o.a.j.t.JMeterThread: Thread is done: Set Up - Registrar usuario 1-1
2026-05-30 11:54:49,744 INFO o.a.j.t.JMeterThread: Thread finished: Set Up - Registrar usuario 1-1
2026-05-30 11:54:49,744 INFO o.a.j.e.StandardJMeterEngine: All Setup Threads have ended
2026-05-30 11:54:49,775 INFO o.a.j.e.StandardJMeterEngine: Starting ThreadGroup: 1 : Usuarios Concurrentes (50)
2026-05-30 11:54:49,775 INFO o.a.j.e.StandardJMeterEngine: Starting 50 threads for group Usuarios Concurrentes (50).
2026-05-30 11:54:49,775 INFO o.a.j.e.StandardJMeterEngine: Thread will start next loop on error
2026-05-30 11:54:49,775 INFO o.a.j.t.ThreadGroup: Starting thread group... number=1 threads=50 ramp-up=5 delayedStart=false
2026-05-30 11:54:49,776 INFO o.a.j.t.JMeterThread: Thread started: Usuarios Concurrentes (50) 1-1
2026-05-30 11:54:49,783 INFO o.a.j.t.ThreadGroup: Started thread group number 1
2026-05-30 11:54:49,783 INFO o.a.j.e.StandardJMeterEngine: All thread groups have been started
2026-05-30 11:54:49,856 INFO o.a.j.e.J.Extraer token: TOKEN EXTRACTED OK: eyJhbGciOiJIUzI1NiJ9...
2026-05-30 11:54:49,875 INFO o.a.j.t.JMeterThread: Thread started: Usuarios Concurrentes (50) 1-2
2026-05-30 11:54:49,948 INFO o.a.j.e.J.Extraer token: TOKEN EXTRACTED OK: eyJhbGciOiJIUzI1NiJ9...
2026-05-30 11:54:49,975 INFO o.a.j.t.JMeterThread: Thread started: Usuarios Concurrentes (50) 1-3
2026-05-30 11:54:49,994 INFO o.a.j.e.J.Extraer token: TOKEN EXTRACTED OK: eyJhbGciOiJIUzI1NiJ9...
2026-05-30 11:54:50,049 INFO o.a.j.e.J.Extraer token: TOKEN EXTRACTED OK: eyJhbGciOiJIUzI1NiJ9...
2026-05-30 11:54:50,076 INFO o.a.j.t.JMeterThread: Thread started: Usuarios Concurrentes (50) 1-4
2026-05-30 11:54:50,089 INFO o.a.j.e.J.Extraer token: TOKEN EXTRACTED OK: eyJhbGciOiJIUzI1NiJ9...
2026-05-30 11:54:50,149 INFO o.a.j.e.J.Extraer token: TOKEN EXTRACTED OK: eyJhbGciOiJIUzI1NiJ9...
2026-05-30 11:54:50,159 INFO o.a.j.e.J.Extraer token: TOKEN EXTRACTED OK: eyJhbGciOiJIUzI1NiJ9...
2026-05-30 11:54:50,176 INFO o.a.j.t.JMeterThread: Thread started: Usuarios Concurrentes (50) 1-5
2026-05-30 11:54:50,188 INFO o.a.j.e.J.Extraer token: TOKEN EXTRACTED OK: eyJhbGciOiJIUzI1NiJ9...
2026-05-30 11:54:50,226 INFO o.a.j.e.J.Extraer token: TOKEN EXTRACTED OK: eyJhbGciOiJIUzI1NiJ9...
2026-05-30 11:54:50,252 INFO o.a.j.e.J.Extraer token: TOKEN EXTRACTED OK: eyJhbGciOiJIUzI1NiJ9...
2026-05-30 11:54:50,276 INFO o.a.j.t.JMeterThread: Thread started: Usuarios Concurrentes (50) 1-6
2026-05-30 11:54:50,289 INFO o.a.j.e.J.Extraer token: TOKEN EXTRACTED OK: eyJhbGciOiJIUzI1NiJ9...
2026-05-30 11:54:50,307 INFO o.a.j.e.J.Extraer token: TOKEN EXTRACTED OK: eyJhbGciOiJIUzI1NiJ9...
2026-05-30 11:54:50,329 INFO o.a.j.e.J.Extraer token: TOKEN EXTRACTED OK: eyJhbGciOiJIUzI1NiJ9...
2026-05-30 11:54:50,353 INFO o.a.j.e.J.Extraer token: TOKEN EXTRACTED OK: eyJhbGciOiJIUzI1NiJ9...
2026-05-30 11:54:50,367 INFO o.a.j.e.J.Extraer token: TOKEN EXTRACTED OK: eyJhbGciOiJIUzI1NiJ9...
2026-05-30 11:54:50,375 INFO o.a.j.t.JMeterThread: Thread started: Usuarios Concurrentes (50) 1-7
2026-05-30 11:54:50,393 INFO o.a.j.e.J.Extraer token: TOKEN EXTRACTED OK: eyJhbGciOiJIUzI1NiJ9...
2026-05-30 11:54:50,435 INFO o.a.j.e.J.Extraer token: TOKEN EXTRACTED OK: eyJhbGciOiJIUzI1NiJ9...
2026-05-30 11:54:50,449 INFO o.a.j.e.J.Extraer token: TOKEN EXTRACTED OK: eyJhbGciOiJIUzI1NiJ9...
2026-05-30 11:54:50,457 INFO o.a.j.e.J.Extraer token: TOKEN EXTRACTED OK: eyJhbGciOiJIUzI1NiJ9...
2026-05-30 11:54:50,474 INFO o.a.j.e.J.Extraer token: TOKEN EXTRACTED OK: eyJhbGciOiJIUzI1NiJ9...
2026-05-30 11:54:50,475 INFO o.a.j.t.JMeterThread: Thread started: Usuarios Concurrentes (50) 1-8
2026-05-30 11:54:50,507 INFO o.a.j.t.JMeterThread: Thread is done: Usuarios Concurrentes (50) 1-1
2026-05-30 11:54:50,507 INFO o.a.j.t.JMeterThread: Thread finished: Usuarios Concurrentes (50) 1-1
2026-05-30 11:54:50,508 INFO o.a.j.e.J.Extraer token: TOKEN EXTRACTED OK: eyJhbGciOiJIUzI1NiJ9...
2026-05-30 11:54:50,518 INFO o.a.j.e.J.Extraer token: TOKEN EXTRACTED OK: eyJhbGciOiJIUzI1NiJ9...
2026-05-30 11:54:50,547 INFO o.a.j.e.J.Extraer token: TOKEN EXTRACTED OK: eyJhbGciOiJIUzI1NiJ9...
2026-05-30 11:54:50,557 INFO o.a.j.e.J.Extraer token: TOKEN EXTRACTED OK: eyJhbGciOiJIUzI1NiJ9...
2026-05-30 11:54:50,575 INFO o.a.j.t.JMeterThread: Thread started: Usuarios Concurrentes (50) 1-9
2026-05-30 11:54:50,582 INFO o.a.j.t.JMeterThread: Thread is done: Usuarios Concurrentes (50) 1-2
2026-05-30 11:54:50,582 INFO o.a.j.t.JMeterThread: Thread finished: Usuarios Concurrentes (50) 1-2
2026-05-30 11:54:50,609 INFO o.a.j.e.J.Extraer token: TOKEN EXTRACTED OK: eyJhbGciOiJIUzI1NiJ9...
2026-05-30 11:54:50,614 INFO o.a.j.e.J.Extraer token: TOKEN EXTRACTED OK: eyJhbGciOiJIUzI1NiJ9...
2026-05-30 11:54:50,626 INFO o.a.j.e.J.Extraer token: TOKEN EXTRACTED OK: eyJhbGciOiJIUzI1NiJ9...
2026-05-30 11:54:50,659 INFO o.a.j.e.J.Extraer token: TOKEN EXTRACTED OK: eyJhbGciOiJIUzI1NiJ9...
2026-05-30 11:54:50,676 INFO o.a.j.t.JMeterThread: Thread started: Usuarios Concurrentes (50) 1-10
2026-05-30 11:54:50,680 INFO o.a.j.e.J.Extraer token: TOKEN EXTRACTED OK: eyJhbGciOiJIUzI1NiJ9...
2026-05-30 11:54:50,716 INFO o.a.j.e.J.Extraer token: TOKEN EXTRACTED OK: eyJhbGciOiJIUzI1NiJ9...
2026-05-30 11:54:50,716 INFO o.a.j.e.J.Extraer token: TOKEN EXTRACTED OK: eyJhbGciOiJIUzI1NiJ9...
2026-05-30 11:54:50,733 INFO o.a.j.t.JMeterThread: Thread is done: Usuarios Concurrentes (50) 1-3
2026-05-30 11:54:50,733 INFO o.a.j.t.JMeterThread: Thread finished: Usuarios Concurrentes (50) 1-3
2026-05-30 11:54:50,753 INFO o.a.j.e.J.Extraer token: TOKEN EXTRACTED OK: eyJhbGciOiJIUzI1NiJ9...
2026-05-30 11:54:50,771 INFO o.a.j.e.J.Extraer token: TOKEN EXTRACTED OK: eyJhbGciOiJIUzI1NiJ9...
2026-05-30 11:54:50,776 INFO o.a.j.t.JMeterThread: Thread started: Usuarios Concurrentes (50) 1-11
2026-05-30 11:54:50,796 INFO o.a.j.e.J.Extraer token: TOKEN EXTRACTED OK: eyJhbGciOiJIUzI1NiJ9...
2026-05-30 11:54:50,799 INFO o.a.j.e.J.Extraer token: TOKEN EXTRACTED OK: eyJhbGciOiJIUzI1NiJ9...
2026-05-30 11:54:50,851 INFO o.a.j.e.J.Extraer token: TOKEN EXTRACTED OK: eyJhbGciOiJIUzI1NiJ9...
2026-05-30 11:54:50,864 INFO o.a.j.e.J.Extraer token: TOKEN EXTRACTED OK: eyJhbGciOiJIUzI1NiJ9...
2026-05-30 11:54:50,866 INFO o.a.j.e.J.Extraer token: TOKEN EXTRACTED OK: eyJhbGciOiJIUzI1NiJ9...
2026-05-30 11:54:50,871 INFO o.a.j.t.JMeterThread: Thread is done: Usuarios Concurrentes (50) 1-4
2026-05-30 11:54:50,871 INFO o.a.j.t.JMeterThread: Thread finished: Usuarios Concurrentes (50) 1-4
2026-05-30 11:54:50,876 INFO o.a.j.t.JMeterThread: Thread started: Usuarios Concurrentes (50) 1-12
2026-05-30 11:54:50,890 INFO o.a.j.e.J.Extraer token: TOKEN EXTRACTED OK: eyJhbGciOiJIUzI1NiJ9...
2026-05-30 11:54:50,899 INFO o.a.j.e.J.Extraer token: TOKEN EXTRACTED OK: eyJhbGciOiJIUzI1NiJ9...
2026-05-30 11:54:50,916 INFO o.a.j.e.J.Extraer token: TOKEN EXTRACTED OK: eyJhbGciOiJIUzI1NiJ9...
2026-05-30 11:54:50,943 INFO o.a.j.e.J.Extraer token: TOKEN EXTRACTED OK: eyJhbGciOiJIUzI1NiJ9...
2026-05-30 11:54:50,958 INFO o.a.j.e.J.Extraer token: TOKEN EXTRACTED OK: eyJhbGciOiJIUzI1NiJ9...
2026-05-30 11:54:50,968 INFO o.a.j.t.JMeterThread: Thread is done: Usuarios Concurrentes (50) 1-5
2026-05-30 11:54:50,968 INFO o.a.j.t.JMeterThread: Thread finished: Usuarios Concurrentes (50) 1-5
2026-05-30 11:54:50,975 INFO o.a.j.t.JMeterThread: Thread started: Usuarios Concurrentes (50) 1-13
2026-05-30 11:54:51,014 INFO o.a.j.e.J.Extraer token: TOKEN EXTRACTED OK: eyJhbGciOiJIUzI1NiJ9...
2026-05-30 11:54:51,036 INFO o.a.j.e.J.Extraer token: TOKEN EXTRACTED OK: eyJhbGciOiJIUzI1NiJ9...
2026-05-30 11:54:51,058 INFO o.a.j.t.JMeterThread: Thread is done: Usuarios Concurrentes (50) 1-6
2026-05-30 11:54:51,058 INFO o.a.j.t.JMeterThread: Thread finished: Usuarios Concurrentes (50) 1-6
2026-05-30 11:54:51,063 INFO o.a.j.e.J.Extraer token: TOKEN EXTRACTED OK: eyJhbGciOiJIUzI1NiJ9...
2026-05-30 11:54:51,076 INFO o.a.j.t.JMeterThread: Thread started: Usuarios Concurrentes (50) 1-14
2026-05-30 11:54:51,113 INFO o.a.j.e.J.Extraer token: TOKEN EXTRACTED OK: eyJhbGciOiJIUzI1NiJ9...
2026-05-30 11:54:51,115 INFO o.a.j.e.J.Extraer token: TOKEN EXTRACTED OK: eyJhbGciOiJIUzI1NiJ9...
2026-05-30 11:54:51,116 INFO o.a.j.e.J.Extraer token: TOKEN EXTRACTED OK: eyJhbGciOiJIUzI1NiJ9...
2026-05-30 11:54:51,150 INFO o.a.j.e.J.Extraer token: TOKEN EXTRACTED OK: eyJhbGciOiJIUzI1NiJ9...
2026-05-30 11:54:51,152 INFO o.a.j.e.J.Extraer token: TOKEN EXTRACTED OK: eyJhbGciOiJIUzI1NiJ9...
2026-05-30 11:54:51,176 INFO o.a.j.t.JMeterThread: Thread started: Usuarios Concurrentes (50) 1-15
2026-05-30 11:54:51,189 INFO o.a.j.e.J.Extraer token: TOKEN EXTRACTED OK: eyJhbGciOiJIUzI1NiJ9...
2026-05-30 11:54:51,202 INFO o.a.j.e.J.Extraer token: TOKEN EXTRACTED OK: eyJhbGciOiJIUzI1NiJ9...
2026-05-30 11:54:51,204 INFO o.a.j.t.JMeterThread: Thread is done: Usuarios Concurrentes (50) 1-7
2026-05-30 11:54:51,204 INFO o.a.j.t.JMeterThread: Thread finished: Usuarios Concurrentes (50) 1-7
2026-05-30 11:54:51,228 INFO o.a.j.e.J.Extraer token: TOKEN EXTRACTED OK: eyJhbGciOiJIUzI1NiJ9...
2026-05-30 11:54:51,258 INFO o.a.j.e.J.Extraer token: TOKEN EXTRACTED OK: eyJhbGciOiJIUzI1NiJ9...
2026-05-30 11:54:51,276 INFO o.a.j.t.JMeterThread: Thread started: Usuarios Concurrentes (50) 1-16
2026-05-30 11:54:51,284 INFO o.a.j.e.J.Extraer token: TOKEN EXTRACTED OK: eyJhbGciOiJIUzI1NiJ9...
2026-05-30 11:54:51,286 INFO o.a.j.e.J.Extraer token: TOKEN EXTRACTED OK: eyJhbGciOiJIUzI1NiJ9...
2026-05-30 11:54:51,312 INFO o.a.j.e.J.Extraer token: TOKEN EXTRACTED OK: eyJhbGciOiJIUzI1NiJ9...
2026-05-30 11:54:51,318 INFO o.a.j.e.J.Extraer token: TOKEN EXTRACTED OK: eyJhbGciOiJIUzI1NiJ9...
2026-05-30 11:54:51,352 INFO o.a.j.e.J.Extraer token: TOKEN EXTRACTED OK: eyJhbGciOiJIUzI1NiJ9...
2026-05-30 11:54:51,362 INFO o.a.j.e.J.Extraer token: TOKEN EXTRACTED OK: eyJhbGciOiJIUzI1NiJ9...
2026-05-30 11:54:51,362 INFO o.a.j.e.J.Extraer token: TOKEN EXTRACTED OK: eyJhbGciOiJIUzI1NiJ9...
2026-05-30 11:54:51,375 INFO o.a.j.t.JMeterThread: Thread is done: Usuarios Concurrentes (50) 1-8
2026-05-30 11:54:51,375 INFO o.a.j.t.JMeterThread: Thread finished: Usuarios Concurrentes (50) 1-8
2026-05-30 11:54:51,376 INFO o.a.j.t.JMeterThread: Thread started: Usuarios Concurrentes (50) 1-17
2026-05-30 11:54:51,385 INFO o.a.j.e.J.Extraer token: TOKEN EXTRACTED OK: eyJhbGciOiJIUzI1NiJ9...
2026-05-30 11:54:51,432 INFO o.a.j.e.J.Extraer token: TOKEN EXTRACTED OK: eyJhbGciOiJIUzI1NiJ9...
2026-05-30 11:54:51,465 INFO o.a.j.e.J.Extraer token: TOKEN EXTRACTED OK: eyJhbGciOiJIUzI1NiJ9...
2026-05-30 11:54:51,465 INFO o.a.j.e.J.Extraer token: TOKEN EXTRACTED OK: eyJhbGciOiJIUzI1NiJ9...
2026-05-30 11:54:51,469 INFO o.a.j.t.JMeterThread: Thread is done: Usuarios Concurrentes (50) 1-9
2026-05-30 11:54:51,469 INFO o.a.j.t.JMeterThread: Thread finished: Usuarios Concurrentes (50) 1-9
2026-05-30 11:54:51,476 INFO o.a.j.t.JMeterThread: Thread started: Usuarios Concurrentes (50) 1-18
2026-05-30 11:54:51,492 INFO o.a.j.e.J.Extraer token: TOKEN EXTRACTED OK: eyJhbGciOiJIUzI1NiJ9...
2026-05-30 11:54:51,496 INFO o.a.j.e.J.Extraer token: TOKEN EXTRACTED OK: eyJhbGciOiJIUzI1NiJ9...
2026-05-30 11:54:51,536 INFO o.a.j.e.J.Extraer token: TOKEN EXTRACTED OK: eyJhbGciOiJIUzI1NiJ9...
2026-05-30 11:54:51,546 INFO o.a.j.e.J.Extraer token: TOKEN EXTRACTED OK: eyJhbGciOiJIUzI1NiJ9...
2026-05-30 11:54:51,557 INFO o.a.j.e.J.Extraer token: TOKEN EXTRACTED OK: eyJhbGciOiJIUzI1NiJ9...
2026-05-30 11:54:51,574 INFO o.a.j.e.J.Extraer token: TOKEN EXTRACTED OK: eyJhbGciOiJIUzI1NiJ9...
2026-05-30 11:54:51,575 INFO o.a.j.t.JMeterThread: Thread started: Usuarios Concurrentes (50) 1-19
2026-05-30 11:54:51,577 INFO o.a.j.t.JMeterThread: Thread is done: Usuarios Concurrentes (50) 1-10
2026-05-30 11:54:51,578 INFO o.a.j.t.JMeterThread: Thread finished: Usuarios Concurrentes (50) 1-10
2026-05-30 11:54:51,613 INFO o.a.j.e.J.Extraer token: TOKEN EXTRACTED OK: eyJhbGciOiJIUzI1NiJ9...
2026-05-30 11:54:51,625 INFO o.a.j.t.JMeterThread: Thread is done: Usuarios Concurrentes (50) 1-11
2026-05-30 11:54:51,625 INFO o.a.j.t.JMeterThread: Thread finished: Usuarios Concurrentes (50) 1-11
2026-05-30 11:54:51,640 INFO o.a.j.e.J.Extraer token: TOKEN EXTRACTED OK: eyJhbGciOiJIUzI1NiJ9...
2026-05-30 11:54:51,652 INFO o.a.j.e.J.Extraer token: TOKEN EXTRACTED OK: eyJhbGciOiJIUzI1NiJ9...
2026-05-30 11:54:51,675 INFO o.a.j.t.JMeterThread: Thread started: Usuarios Concurrentes (50) 1-20
2026-05-30 11:54:51,680 INFO o.a.j.e.J.Extraer token: TOKEN EXTRACTED OK: eyJhbGciOiJIUzI1NiJ9...
2026-05-30 11:54:51,687 INFO o.a.j.e.J.Extraer token: TOKEN EXTRACTED OK: eyJhbGciOiJIUzI1NiJ9...
2026-05-30 11:54:51,727 INFO o.a.j.e.J.Extraer token: TOKEN EXTRACTED OK: eyJhbGciOiJIUzI1NiJ9...
2026-05-30 11:54:51,737 INFO o.a.j.e.J.Extraer token: TOKEN EXTRACTED OK: eyJhbGciOiJIUzI1NiJ9...
2026-05-30 11:54:51,759 INFO o.a.j.e.J.Extraer token: TOKEN EXTRACTED OK: eyJhbGciOiJIUzI1NiJ9...
2026-05-30 11:54:51,762 INFO o.a.j.e.J.Extraer token: TOKEN EXTRACTED OK: eyJhbGciOiJIUzI1NiJ9...
2026-05-30 11:54:51,765 INFO o.a.j.t.JMeterThread: Thread is done: Usuarios Concurrentes (50) 1-12
2026-05-30 11:54:51,765 INFO o.a.j.t.JMeterThread: Thread finished: Usuarios Concurrentes (50) 1-12
2026-05-30 11:54:51,775 INFO o.a.j.t.JMeterThread: Thread started: Usuarios Concurrentes (50) 1-21
2026-05-30 11:54:51,782 INFO o.a.j.e.J.Extraer token: TOKEN EXTRACTED OK: eyJhbGciOiJIUzI1NiJ9...
2026-05-30 11:54:51,811 INFO o.a.j.e.J.Extraer token: TOKEN EXTRACTED OK: eyJhbGciOiJIUzI1NiJ9...
2026-05-30 11:54:51,820 INFO o.a.j.e.J.Extraer token: TOKEN EXTRACTED OK: eyJhbGciOiJIUzI1NiJ9...
2026-05-30 11:54:51,840 INFO o.a.j.t.JMeterThread: Thread is done: Usuarios Concurrentes (50) 1-13
2026-05-30 11:54:51,840 INFO o.a.j.t.JMeterThread: Thread finished: Usuarios Concurrentes (50) 1-13
2026-05-30 11:54:51,857 INFO o.a.j.e.J.Extraer token: TOKEN EXTRACTED OK: eyJhbGciOiJIUzI1NiJ9...
2026-05-30 11:54:51,869 INFO o.a.j.e.J.Extraer token: TOKEN EXTRACTED OK: eyJhbGciOiJIUzI1NiJ9...
2026-05-30 11:54:51,875 INFO o.a.j.t.JMeterThread: Thread started: Usuarios Concurrentes (50) 1-22
2026-05-30 11:54:51,915 INFO o.a.j.e.J.Extraer token: TOKEN EXTRACTED OK: eyJhbGciOiJIUzI1NiJ9...
2026-05-30 11:54:51,915 INFO o.a.j.e.J.Extraer token: TOKEN EXTRACTED OK: eyJhbGciOiJIUzI1NiJ9...
2026-05-30 11:54:51,934 INFO o.a.j.e.J.Extraer token: TOKEN EXTRACTED OK: eyJhbGciOiJIUzI1NiJ9...
2026-05-30 11:54:51,956 INFO o.a.j.e.J.Extraer token: TOKEN EXTRACTED OK: eyJhbGciOiJIUzI1NiJ9...
2026-05-30 11:54:51,969 INFO o.a.j.e.J.Extraer token: TOKEN EXTRACTED OK: eyJhbGciOiJIUzI1NiJ9...
2026-05-30 11:54:51,976 INFO o.a.j.t.JMeterThread: Thread started: Usuarios Concurrentes (50) 1-23
2026-05-30 11:54:51,983 INFO o.a.j.e.J.Extraer token: TOKEN EXTRACTED OK: eyJhbGciOiJIUzI1NiJ9...
2026-05-30 11:54:51,983 INFO o.a.j.t.JMeterThread: Thread is done: Usuarios Concurrentes (50) 1-14
2026-05-30 11:54:51,983 INFO o.a.j.t.JMeterThread: Thread finished: Usuarios Concurrentes (50) 1-14
2026-05-30 11:54:51,988 INFO o.a.j.e.J.Extraer token: TOKEN EXTRACTED OK: eyJhbGciOiJIUzI1NiJ9...
2026-05-30 11:54:52,059 INFO o.a.j.e.J.Extraer token: TOKEN EXTRACTED OK: eyJhbGciOiJIUzI1NiJ9...
2026-05-30 11:54:52,063 INFO o.a.j.t.JMeterThread: Thread is done: Usuarios Concurrentes (50) 1-15
2026-05-30 11:54:52,063 INFO o.a.j.t.JMeterThread: Thread finished: Usuarios Concurrentes (50) 1-15
2026-05-30 11:54:52,065 INFO o.a.j.e.J.Extraer token: TOKEN EXTRACTED OK: eyJhbGciOiJIUzI1NiJ9...
2026-05-30 11:54:52,076 INFO o.a.j.t.JMeterThread: Thread started: Usuarios Concurrentes (50) 1-24
2026-05-30 11:54:52,110 INFO o.a.j.e.J.Extraer token: TOKEN EXTRACTED OK: eyJhbGciOiJIUzI1NiJ9...
2026-05-30 11:54:52,128 INFO o.a.j.e.J.Extraer token: TOKEN EXTRACTED OK: eyJhbGciOiJIUzI1NiJ9...
2026-05-30 11:54:52,136 INFO o.a.j.e.J.Extraer token: TOKEN EXTRACTED OK: eyJhbGciOiJIUzI1NiJ9...
2026-05-30 11:54:52,163 INFO o.a.j.e.J.Extraer token: TOKEN EXTRACTED OK: eyJhbGciOiJIUzI1NiJ9...
2026-05-30 11:54:52,166 INFO o.a.j.e.J.Extraer token: TOKEN EXTRACTED OK: eyJhbGciOiJIUzI1NiJ9...
2026-05-30 11:54:52,175 INFO o.a.j.t.JMeterThread: Thread started: Usuarios Concurrentes (50) 1-25
2026-05-30 11:54:52,185 INFO o.a.j.e.J.Extraer token: TOKEN EXTRACTED OK: eyJhbGciOiJIUzI1NiJ9...
2026-05-30 11:54:52,186 INFO o.a.j.e.J.Extraer token: TOKEN EXTRACTED OK: eyJhbGciOiJIUzI1NiJ9...
2026-05-30 11:54:52,226 INFO o.a.j.t.JMeterThread: Thread is done: Usuarios Concurrentes (50) 1-16
2026-05-30 11:54:52,226 INFO o.a.j.t.JMeterThread: Thread finished: Usuarios Concurrentes (50) 1-16
2026-05-30 11:54:52,238 INFO o.a.j.e.J.Extraer token: TOKEN EXTRACTED OK: eyJhbGciOiJIUzI1NiJ9...
2026-05-30 11:54:52,256 INFO o.a.j.e.J.Extraer token: TOKEN EXTRACTED OK: eyJhbGciOiJIUzI1NiJ9...
2026-05-30 11:54:52,258 INFO o.a.j.e.J.Extraer token: TOKEN EXTRACTED OK: eyJhbGciOiJIUzI1NiJ9...
2026-05-30 11:54:52,275 INFO o.a.j.t.JMeterThread: Thread started: Usuarios Concurrentes (50) 1-26
2026-05-30 11:54:52,288 INFO o.a.j.t.JMeterThread: Thread is done: Usuarios Concurrentes (50) 1-17
2026-05-30 11:54:52,288 INFO o.a.j.t.JMeterThread: Thread finished: Usuarios Concurrentes (50) 1-17
2026-05-30 11:54:52,323 INFO o.a.j.e.J.Extraer token: TOKEN EXTRACTED OK: eyJhbGciOiJIUzI1NiJ9...
2026-05-30 11:54:52,323 INFO o.a.j.e.J.Extraer token: TOKEN EXTRACTED OK: eyJhbGciOiJIUzI1NiJ9...
2026-05-30 11:54:52,348 INFO o.a.j.e.J.Extraer token: TOKEN EXTRACTED OK: eyJhbGciOiJIUzI1NiJ9...
2026-05-30 11:54:52,357 INFO o.a.j.e.J.Extraer token: TOKEN EXTRACTED OK: eyJhbGciOiJIUzI1NiJ9...
2026-05-30 11:54:52,360 INFO o.a.j.e.J.Extraer token: TOKEN EXTRACTED OK: eyJhbGciOiJIUzI1NiJ9...
2026-05-30 11:54:52,375 INFO o.a.j.t.JMeterThread: Thread started: Usuarios Concurrentes (50) 1-27
2026-05-30 11:54:52,377 INFO o.a.j.e.J.Extraer token: TOKEN EXTRACTED OK: eyJhbGciOiJIUzI1NiJ9...
2026-05-30 11:54:52,407 INFO o.a.j.e.J.Extraer token: TOKEN EXTRACTED OK: eyJhbGciOiJIUzI1NiJ9...
2026-05-30 11:54:52,426 INFO o.a.j.e.J.Extraer token: TOKEN EXTRACTED OK: eyJhbGciOiJIUzI1NiJ9...
2026-05-30 11:54:52,428 INFO o.a.j.e.J.Extraer token: TOKEN EXTRACTED OK: eyJhbGciOiJIUzI1NiJ9...
2026-05-30 11:54:52,431 INFO o.a.j.t.JMeterThread: Thread is done: Usuarios Concurrentes (50) 1-18
2026-05-30 11:54:52,431 INFO o.a.j.t.JMeterThread: Thread finished: Usuarios Concurrentes (50) 1-18
2026-05-30 11:54:52,453 INFO o.a.j.e.J.Extraer token: TOKEN EXTRACTED OK: eyJhbGciOiJIUzI1NiJ9...
2026-05-30 11:54:52,475 INFO o.a.j.t.JMeterThread: Thread started: Usuarios Concurrentes (50) 1-28
2026-05-30 11:54:52,476 INFO o.a.j.t.JMeterThread: Thread is done: Usuarios Concurrentes (50) 1-19
2026-05-30 11:54:52,477 INFO o.a.j.t.JMeterThread: Thread finished: Usuarios Concurrentes (50) 1-19
2026-05-30 11:54:52,487 INFO o.a.j.e.J.Extraer token: TOKEN EXTRACTED OK: eyJhbGciOiJIUzI1NiJ9...
2026-05-30 11:54:52,518 INFO o.a.j.e.J.Extraer token: TOKEN EXTRACTED OK: eyJhbGciOiJIUzI1NiJ9...
2026-05-30 11:54:52,526 INFO o.a.j.e.J.Extraer token: TOKEN EXTRACTED OK: eyJhbGciOiJIUzI1NiJ9...
2026-05-30 11:54:52,526 INFO o.a.j.e.J.Extraer token: TOKEN EXTRACTED OK: eyJhbGciOiJIUzI1NiJ9...
2026-05-30 11:54:52,559 INFO o.a.j.e.J.Extraer token: TOKEN EXTRACTED OK: eyJhbGciOiJIUzI1NiJ9...
2026-05-30 11:54:52,569 INFO o.a.j.t.JMeterThread: Thread is done: Usuarios Concurrentes (50) 1-20
2026-05-30 11:54:52,569 INFO o.a.j.t.JMeterThread: Thread finished: Usuarios Concurrentes (50) 1-20
2026-05-30 11:54:52,570 INFO o.a.j.e.J.Extraer token: TOKEN EXTRACTED OK: eyJhbGciOiJIUzI1NiJ9...
2026-05-30 11:54:52,576 INFO o.a.j.t.JMeterThread: Thread started: Usuarios Concurrentes (50) 1-29
2026-05-30 11:54:52,592 INFO o.a.j.e.J.Extraer token: TOKEN EXTRACTED OK: eyJhbGciOiJIUzI1NiJ9...
2026-05-30 11:54:52,595 INFO o.a.j.e.J.Extraer token: TOKEN EXTRACTED OK: eyJhbGciOiJIUzI1NiJ9...
2026-05-30 11:54:52,605 INFO o.a.j.e.J.Extraer token: TOKEN EXTRACTED OK: eyJhbGciOiJIUzI1NiJ9...
2026-05-30 11:54:52,623 INFO o.a.j.e.J.Extraer token: TOKEN EXTRACTED OK: eyJhbGciOiJIUzI1NiJ9...
2026-05-30 11:54:52,659 INFO o.a.j.e.J.Extraer token: TOKEN EXTRACTED OK: eyJhbGciOiJIUzI1NiJ9...
2026-05-30 11:54:52,662 INFO o.a.j.t.JMeterThread: Thread is done: Usuarios Concurrentes (50) 1-21
2026-05-30 11:54:52,662 INFO o.a.j.t.JMeterThread: Thread finished: Usuarios Concurrentes (50) 1-21
2026-05-30 11:54:52,676 INFO o.a.j.t.JMeterThread: Thread started: Usuarios Concurrentes (50) 1-30
2026-05-30 11:54:52,686 INFO o.a.j.e.J.Extraer token: TOKEN EXTRACTED OK: eyJhbGciOiJIUzI1NiJ9...
2026-05-30 11:54:52,686 INFO o.a.j.e.J.Extraer token: TOKEN EXTRACTED OK: eyJhbGciOiJIUzI1NiJ9...
2026-05-30 11:54:52,740 INFO o.a.j.e.J.Extraer token: TOKEN EXTRACTED OK: eyJhbGciOiJIUzI1NiJ9...
2026-05-30 11:54:52,749 INFO o.a.j.e.J.Extraer token: TOKEN EXTRACTED OK: eyJhbGciOiJIUzI1NiJ9...
2026-05-30 11:54:52,764 INFO o.a.j.e.J.Extraer token: TOKEN EXTRACTED OK: eyJhbGciOiJIUzI1NiJ9...
2026-05-30 11:54:52,765 INFO o.a.j.t.JMeterThread: Thread is done: Usuarios Concurrentes (50) 1-22
2026-05-30 11:54:52,765 INFO o.a.j.t.JMeterThread: Thread finished: Usuarios Concurrentes (50) 1-22
2026-05-30 11:54:52,773 INFO o.a.j.e.J.Extraer token: TOKEN EXTRACTED OK: eyJhbGciOiJIUzI1NiJ9...
2026-05-30 11:54:52,775 INFO o.a.j.t.JMeterThread: Thread started: Usuarios Concurrentes (50) 1-31
2026-05-30 11:54:52,781 INFO o.a.j.e.J.Extraer token: TOKEN EXTRACTED OK: eyJhbGciOiJIUzI1NiJ9...
2026-05-30 11:54:52,787 INFO o.a.j.e.J.Extraer token: TOKEN EXTRACTED OK: eyJhbGciOiJIUzI1NiJ9...
2026-05-30 11:54:52,816 INFO o.a.j.e.J.Extraer token: TOKEN EXTRACTED OK: eyJhbGciOiJIUzI1NiJ9...
2026-05-30 11:54:52,837 INFO o.a.j.t.JMeterThread: Thread is done: Usuarios Concurrentes (50) 1-23
2026-05-30 11:54:52,837 INFO o.a.j.t.JMeterThread: Thread finished: Usuarios Concurrentes (50) 1-23
2026-05-30 11:54:52,849 INFO o.a.j.e.J.Extraer token: TOKEN EXTRACTED OK: eyJhbGciOiJIUzI1NiJ9...
2026-05-30 11:54:52,854 INFO o.a.j.e.J.Extraer token: TOKEN EXTRACTED OK: eyJhbGciOiJIUzI1NiJ9...
2026-05-30 11:54:52,870 INFO o.a.j.t.JMeterThread: Thread is done: Usuarios Concurrentes (50) 1-24
2026-05-30 11:54:52,870 INFO o.a.j.t.JMeterThread: Thread finished: Usuarios Concurrentes (50) 1-24
2026-05-30 11:54:52,876 INFO o.a.j.t.JMeterThread: Thread started: Usuarios Concurrentes (50) 1-32
2026-05-30 11:54:52,903 INFO o.a.j.e.J.Extraer token: TOKEN EXTRACTED OK: eyJhbGciOiJIUzI1NiJ9...
2026-05-30 11:54:52,936 INFO o.a.j.e.J.Extraer token: TOKEN EXTRACTED OK: eyJhbGciOiJIUzI1NiJ9...
2026-05-30 11:54:52,947 INFO o.a.j.e.J.Extraer token: TOKEN EXTRACTED OK: eyJhbGciOiJIUzI1NiJ9...
2026-05-30 11:54:52,950 INFO o.a.j.e.J.Extraer token: TOKEN EXTRACTED OK: eyJhbGciOiJIUzI1NiJ9...
2026-05-30 11:54:52,952 INFO o.a.j.e.J.Extraer token: TOKEN EXTRACTED OK: eyJhbGciOiJIUzI1NiJ9...
2026-05-30 11:54:52,975 INFO o.a.j.t.JMeterThread: Thread started: Usuarios Concurrentes (50) 1-33
2026-05-30 11:54:52,992 INFO o.a.j.e.J.Extraer token: TOKEN EXTRACTED OK: eyJhbGciOiJIUzI1NiJ9...
2026-05-30 11:54:53,019 INFO o.a.j.e.J.Extraer token: TOKEN EXTRACTED OK: eyJhbGciOiJIUzI1NiJ9...
2026-05-30 11:54:53,026 INFO o.a.j.e.J.Extraer token: TOKEN EXTRACTED OK: eyJhbGciOiJIUzI1NiJ9...
2026-05-30 11:54:53,041 INFO o.a.j.t.JMeterThread: Thread is done: Usuarios Concurrentes (50) 1-25
2026-05-30 11:54:53,041 INFO o.a.j.t.JMeterThread: Thread finished: Usuarios Concurrentes (50) 1-25
2026-05-30 11:54:53,053 INFO o.a.j.e.J.Extraer token: TOKEN EXTRACTED OK: eyJhbGciOiJIUzI1NiJ9...
2026-05-30 11:54:53,075 INFO o.a.j.t.JMeterThread: Thread started: Usuarios Concurrentes (50) 1-34
2026-05-30 11:54:53,081 INFO o.a.j.e.J.Extraer token: TOKEN EXTRACTED OK: eyJhbGciOiJIUzI1NiJ9...
2026-05-30 11:54:53,102 INFO o.a.j.t.JMeterThread: Thread is done: Usuarios Concurrentes (50) 1-26
2026-05-30 11:54:53,102 INFO o.a.j.t.JMeterThread: Thread finished: Usuarios Concurrentes (50) 1-26
2026-05-30 11:54:53,122 INFO o.a.j.e.J.Extraer token: TOKEN EXTRACTED OK: eyJhbGciOiJIUzI1NiJ9...
2026-05-30 11:54:53,129 INFO o.a.j.e.J.Extraer token: TOKEN EXTRACTED OK: eyJhbGciOiJIUzI1NiJ9...
2026-05-30 11:54:53,136 INFO o.a.j.e.J.Extraer token: TOKEN EXTRACTED OK: eyJhbGciOiJIUzI1NiJ9...
2026-05-30 11:54:53,149 INFO o.a.j.e.J.Extraer token: TOKEN EXTRACTED OK: eyJhbGciOiJIUzI1NiJ9...
2026-05-30 11:54:53,153 INFO o.a.j.e.J.Extraer token: TOKEN EXTRACTED OK: eyJhbGciOiJIUzI1NiJ9...
2026-05-30 11:54:53,176 INFO o.a.j.t.JMeterThread: Thread started: Usuarios Concurrentes (50) 1-35
2026-05-30 11:54:53,184 INFO o.a.j.e.J.Extraer token: TOKEN EXTRACTED OK: eyJhbGciOiJIUzI1NiJ9...
2026-05-30 11:54:53,196 INFO o.a.j.e.J.Extraer token: TOKEN EXTRACTED OK: eyJhbGciOiJIUzI1NiJ9...
2026-05-30 11:54:53,208 INFO o.a.j.t.JMeterThread: Thread is done: Usuarios Concurrentes (50) 1-27
2026-05-30 11:54:53,208 INFO o.a.j.t.JMeterThread: Thread finished: Usuarios Concurrentes (50) 1-27
2026-05-30 11:54:53,235 INFO o.a.j.e.J.Extraer token: TOKEN EXTRACTED OK: eyJhbGciOiJIUzI1NiJ9...
2026-05-30 11:54:53,252 INFO o.a.j.e.J.Extraer token: TOKEN EXTRACTED OK: eyJhbGciOiJIUzI1NiJ9...
2026-05-30 11:54:53,276 INFO o.a.j.t.JMeterThread: Thread started: Usuarios Concurrentes (50) 1-36
2026-05-30 11:54:53,281 INFO o.a.j.e.J.Extraer token: TOKEN EXTRACTED OK: eyJhbGciOiJIUzI1NiJ9...
2026-05-30 11:54:53,299 INFO o.a.j.e.J.Extraer token: TOKEN EXTRACTED OK: eyJhbGciOiJIUzI1NiJ9...
2026-05-30 11:54:53,307 INFO o.a.j.t.JMeterThread: Thread is done: Usuarios Concurrentes (50) 1-28
2026-05-30 11:54:53,307 INFO o.a.j.t.JMeterThread: Thread finished: Usuarios Concurrentes (50) 1-28
2026-05-30 11:54:53,311 INFO o.a.j.e.J.Extraer token: TOKEN EXTRACTED OK: eyJhbGciOiJIUzI1NiJ9...
2026-05-30 11:54:53,315 INFO o.a.j.e.J.Extraer token: TOKEN EXTRACTED OK: eyJhbGciOiJIUzI1NiJ9...
2026-05-30 11:54:53,333 INFO o.a.j.e.J.Extraer token: TOKEN EXTRACTED OK: eyJhbGciOiJIUzI1NiJ9...
2026-05-30 11:54:53,348 INFO o.a.j.e.J.Extraer token: TOKEN EXTRACTED OK: eyJhbGciOiJIUzI1NiJ9...
2026-05-30 11:54:53,357 INFO o.a.j.e.J.Extraer token: TOKEN EXTRACTED OK: eyJhbGciOiJIUzI1NiJ9...
2026-05-30 11:54:53,375 INFO o.a.j.t.JMeterThread: Thread started: Usuarios Concurrentes (50) 1-37
2026-05-30 11:54:53,394 INFO o.a.j.t.JMeterThread: Thread is done: Usuarios Concurrentes (50) 1-29
2026-05-30 11:54:53,394 INFO o.a.j.t.JMeterThread: Thread finished: Usuarios Concurrentes (50) 1-29
2026-05-30 11:54:53,415 INFO o.a.j.e.J.Extraer token: TOKEN EXTRACTED OK: eyJhbGciOiJIUzI1NiJ9...
2026-05-30 11:54:53,438 INFO o.a.j.e.J.Extraer token: TOKEN EXTRACTED OK: eyJhbGciOiJIUzI1NiJ9...
2026-05-30 11:54:53,451 INFO o.a.j.e.J.Extraer token: TOKEN EXTRACTED OK: eyJhbGciOiJIUzI1NiJ9...
2026-05-30 11:54:53,458 INFO o.a.j.e.J.Extraer token: TOKEN EXTRACTED OK: eyJhbGciOiJIUzI1NiJ9...
2026-05-30 11:54:53,475 INFO o.a.j.t.JMeterThread: Thread started: Usuarios Concurrentes (50) 1-38
2026-05-30 11:54:53,485 INFO o.a.j.e.J.Extraer token: TOKEN EXTRACTED OK: eyJhbGciOiJIUzI1NiJ9...
2026-05-30 11:54:53,493 INFO o.a.j.e.J.Extraer token: TOKEN EXTRACTED OK: eyJhbGciOiJIUzI1NiJ9...
2026-05-30 11:54:53,497 INFO o.a.j.e.J.Extraer token: TOKEN EXTRACTED OK: eyJhbGciOiJIUzI1NiJ9...
2026-05-30 11:54:53,511 INFO o.a.j.e.J.Extraer token: TOKEN EXTRACTED OK: eyJhbGciOiJIUzI1NiJ9...
2026-05-30 11:54:53,516 INFO o.a.j.t.JMeterThread: Thread is done: Usuarios Concurrentes (50) 1-30
2026-05-30 11:54:53,516 INFO o.a.j.t.JMeterThread: Thread finished: Usuarios Concurrentes (50) 1-30
2026-05-30 11:54:53,552 INFO o.a.j.e.J.Extraer token: TOKEN EXTRACTED OK: eyJhbGciOiJIUzI1NiJ9...
2026-05-30 11:54:53,575 INFO o.a.j.t.JMeterThread: Thread is done: Usuarios Concurrentes (50) 1-31
2026-05-30 11:54:53,575 INFO o.a.j.t.JMeterThread: Thread finished: Usuarios Concurrentes (50) 1-31
2026-05-30 11:54:53,575 INFO o.a.j.t.JMeterThread: Thread started: Usuarios Concurrentes (50) 1-39
2026-05-30 11:54:53,578 INFO o.a.j.e.J.Extraer token: TOKEN EXTRACTED OK: eyJhbGciOiJIUzI1NiJ9...
2026-05-30 11:54:53,621 INFO o.a.j.e.J.Extraer token: TOKEN EXTRACTED OK: eyJhbGciOiJIUzI1NiJ9...
2026-05-30 11:54:53,632 INFO o.a.j.e.J.Extraer token: TOKEN EXTRACTED OK: eyJhbGciOiJIUzI1NiJ9...
2026-05-30 11:54:53,642 INFO o.a.j.e.J.Extraer token: TOKEN EXTRACTED OK: eyJhbGciOiJIUzI1NiJ9...
2026-05-30 11:54:53,653 INFO o.a.j.e.J.Extraer token: TOKEN EXTRACTED OK: eyJhbGciOiJIUzI1NiJ9...
2026-05-30 11:54:53,655 INFO o.a.j.e.J.Extraer token: TOKEN EXTRACTED OK: eyJhbGciOiJIUzI1NiJ9...
2026-05-30 11:54:53,675 INFO o.a.j.t.JMeterThread: Thread started: Usuarios Concurrentes (50) 1-40
2026-05-30 11:54:53,676 INFO o.a.j.e.J.Extraer token: TOKEN EXTRACTED OK: eyJhbGciOiJIUzI1NiJ9...
2026-05-30 11:54:53,713 INFO o.a.j.t.JMeterThread: Thread is done: Usuarios Concurrentes (50) 1-32
2026-05-30 11:54:53,714 INFO o.a.j.t.JMeterThread: Thread finished: Usuarios Concurrentes (50) 1-32
2026-05-30 11:54:53,715 INFO o.a.j.e.J.Extraer token: TOKEN EXTRACTED OK: eyJhbGciOiJIUzI1NiJ9...
2026-05-30 11:54:53,727 INFO o.a.j.t.JMeterThread: Thread is done: Usuarios Concurrentes (50) 1-33
2026-05-30 11:54:53,727 INFO o.a.j.t.JMeterThread: Thread finished: Usuarios Concurrentes (50) 1-33
2026-05-30 11:54:53,741 INFO o.a.j.e.J.Extraer token: TOKEN EXTRACTED OK: eyJhbGciOiJIUzI1NiJ9...
2026-05-30 11:54:53,753 INFO o.a.j.e.J.Extraer token: TOKEN EXTRACTED OK: eyJhbGciOiJIUzI1NiJ9...
2026-05-30 11:54:53,775 INFO o.a.j.t.JMeterThread: Thread started: Usuarios Concurrentes (50) 1-41
2026-05-30 11:54:53,797 INFO o.a.j.e.J.Extraer token: TOKEN EXTRACTED OK: eyJhbGciOiJIUzI1NiJ9...
2026-05-30 11:54:53,800 INFO o.a.j.e.J.Extraer token: TOKEN EXTRACTED OK: eyJhbGciOiJIUzI1NiJ9...
2026-05-30 11:54:53,817 INFO o.a.j.e.J.Extraer token: TOKEN EXTRACTED OK: eyJhbGciOiJIUzI1NiJ9...
2026-05-30 11:54:53,844 INFO o.a.j.e.J.Extraer token: TOKEN EXTRACTED OK: eyJhbGciOiJIUzI1NiJ9...
2026-05-30 11:54:53,863 INFO o.a.j.e.J.Extraer token: TOKEN EXTRACTED OK: eyJhbGciOiJIUzI1NiJ9...
2026-05-30 11:54:53,865 INFO o.a.j.t.JMeterThread: Thread is done: Usuarios Concurrentes (50) 1-34
2026-05-30 11:54:53,865 INFO o.a.j.t.JMeterThread: Thread finished: Usuarios Concurrentes (50) 1-34
2026-05-30 11:54:53,867 INFO o.a.j.e.J.Extraer token: TOKEN EXTRACTED OK: eyJhbGciOiJIUzI1NiJ9...
2026-05-30 11:54:53,876 INFO o.a.j.t.JMeterThread: Thread started: Usuarios Concurrentes (50) 1-42
2026-05-30 11:54:53,889 INFO o.a.j.e.J.Extraer token: TOKEN EXTRACTED OK: eyJhbGciOiJIUzI1NiJ9...
2026-05-30 11:54:53,905 INFO o.a.j.e.J.Extraer token: TOKEN EXTRACTED OK: eyJhbGciOiJIUzI1NiJ9...
2026-05-30 11:54:53,954 INFO o.a.j.e.J.Extraer token: TOKEN EXTRACTED OK: eyJhbGciOiJIUzI1NiJ9...
2026-05-30 11:54:53,963 INFO o.a.j.e.J.Extraer token: TOKEN EXTRACTED OK: eyJhbGciOiJIUzI1NiJ9...
2026-05-30 11:54:53,973 INFO o.a.j.t.JMeterThread: Thread is done: Usuarios Concurrentes (50) 1-35
2026-05-30 11:54:53,973 INFO o.a.j.t.JMeterThread: Thread finished: Usuarios Concurrentes (50) 1-35
2026-05-30 11:54:53,976 INFO o.a.j.t.JMeterThread: Thread started: Usuarios Concurrentes (50) 1-43
2026-05-30 11:54:53,984 INFO o.a.j.e.J.Extraer token: TOKEN EXTRACTED OK: eyJhbGciOiJIUzI1NiJ9...
2026-05-30 11:54:53,997 INFO o.a.j.e.J.Extraer token: TOKEN EXTRACTED OK: eyJhbGciOiJIUzI1NiJ9...
2026-05-30 11:54:54,010 INFO o.a.j.e.J.Extraer token: TOKEN EXTRACTED OK: eyJhbGciOiJIUzI1NiJ9...
2026-05-30 11:54:54,023 INFO o.a.j.e.J.Extraer token: TOKEN EXTRACTED OK: eyJhbGciOiJIUzI1NiJ9...
2026-05-30 11:54:54,054 INFO o.a.j.e.J.Extraer token: TOKEN EXTRACTED OK: eyJhbGciOiJIUzI1NiJ9...
2026-05-30 11:54:54,059 INFO o.a.j.e.J.Extraer token: TOKEN EXTRACTED OK: eyJhbGciOiJIUzI1NiJ9...
2026-05-30 11:54:54,076 INFO o.a.j.t.JMeterThread: Thread started: Usuarios Concurrentes (50) 1-44
2026-05-30 11:54:54,082 INFO o.a.j.t.JMeterThread: Thread is done: Usuarios Concurrentes (50) 1-36
2026-05-30 11:54:54,082 INFO o.a.j.t.JMeterThread: Thread finished: Usuarios Concurrentes (50) 1-36
2026-05-30 11:54:54,110 INFO o.a.j.e.J.Extraer token: TOKEN EXTRACTED OK: eyJhbGciOiJIUzI1NiJ9...
2026-05-30 11:54:54,117 INFO o.a.j.e.J.Extraer token: TOKEN EXTRACTED OK: eyJhbGciOiJIUzI1NiJ9...
2026-05-30 11:54:54,143 INFO o.a.j.e.J.Extraer token: TOKEN EXTRACTED OK: eyJhbGciOiJIUzI1NiJ9...
2026-05-30 11:54:54,152 INFO o.a.j.e.J.Extraer token: TOKEN EXTRACTED OK: eyJhbGciOiJIUzI1NiJ9...
2026-05-30 11:54:54,168 INFO o.a.j.e.J.Extraer token: TOKEN EXTRACTED OK: eyJhbGciOiJIUzI1NiJ9...
2026-05-30 11:54:54,175 INFO o.a.j.t.JMeterThread: Thread started: Usuarios Concurrentes (50) 1-45
2026-05-30 11:54:54,180 INFO o.a.j.e.J.Extraer token: TOKEN EXTRACTED OK: eyJhbGciOiJIUzI1NiJ9...
2026-05-30 11:54:54,195 INFO o.a.j.t.JMeterThread: Thread is done: Usuarios Concurrentes (50) 1-37
2026-05-30 11:54:54,195 INFO o.a.j.t.JMeterThread: Thread finished: Usuarios Concurrentes (50) 1-37
2026-05-30 11:54:54,205 INFO o.a.j.e.J.Extraer token: TOKEN EXTRACTED OK: eyJhbGciOiJIUzI1NiJ9...
2026-05-30 11:54:54,214 INFO o.a.j.e.J.Extraer token: TOKEN EXTRACTED OK: eyJhbGciOiJIUzI1NiJ9...
2026-05-30 11:54:54,257 INFO o.a.j.e.J.Extraer token: TOKEN EXTRACTED OK: eyJhbGciOiJIUzI1NiJ9...
2026-05-30 11:54:54,259 INFO o.a.j.e.J.Extraer token: TOKEN EXTRACTED OK: eyJhbGciOiJIUzI1NiJ9...
2026-05-30 11:54:54,261 INFO o.a.j.t.JMeterThread: Thread is done: Usuarios Concurrentes (50) 1-38
2026-05-30 11:54:54,261 INFO o.a.j.t.JMeterThread: Thread finished: Usuarios Concurrentes (50) 1-38
2026-05-30 11:54:54,275 INFO o.a.j.t.JMeterThread: Thread started: Usuarios Concurrentes (50) 1-46
2026-05-30 11:54:54,304 INFO o.a.j.e.J.Extraer token: TOKEN EXTRACTED OK: eyJhbGciOiJIUzI1NiJ9...
2026-05-30 11:54:54,306 INFO o.a.j.e.J.Extraer token: TOKEN EXTRACTED OK: eyJhbGciOiJIUzI1NiJ9...
2026-05-30 11:54:54,316 INFO o.a.j.e.J.Extraer token: TOKEN EXTRACTED OK: eyJhbGciOiJIUzI1NiJ9...
2026-05-30 11:54:54,332 INFO o.a.j.e.J.Extraer token: TOKEN EXTRACTED OK: eyJhbGciOiJIUzI1NiJ9...
2026-05-30 11:54:54,351 INFO o.a.j.e.J.Extraer token: TOKEN EXTRACTED OK: eyJhbGciOiJIUzI1NiJ9...
2026-05-30 11:54:54,354 INFO o.a.j.e.J.Extraer token: TOKEN EXTRACTED OK: eyJhbGciOiJIUzI1NiJ9...
2026-05-30 11:54:54,375 INFO o.a.j.t.JMeterThread: Thread started: Usuarios Concurrentes (50) 1-47
2026-05-30 11:54:54,384 INFO o.a.j.t.JMeterThread: Thread is done: Usuarios Concurrentes (50) 1-40
2026-05-30 11:54:54,384 INFO o.a.j.t.JMeterThread: Thread finished: Usuarios Concurrentes (50) 1-40
2026-05-30 11:54:54,392 INFO o.a.j.t.JMeterThread: Thread is done: Usuarios Concurrentes (50) 1-39
2026-05-30 11:54:54,392 INFO o.a.j.t.JMeterThread: Thread finished: Usuarios Concurrentes (50) 1-39
2026-05-30 11:54:54,410 INFO o.a.j.e.J.Extraer token: TOKEN EXTRACTED OK: eyJhbGciOiJIUzI1NiJ9...
2026-05-30 11:54:54,410 INFO o.a.j.e.J.Extraer token: TOKEN EXTRACTED OK: eyJhbGciOiJIUzI1NiJ9...
2026-05-30 11:54:54,462 INFO o.a.j.e.J.Extraer token: TOKEN EXTRACTED OK: eyJhbGciOiJIUzI1NiJ9...
2026-05-30 11:54:54,476 INFO o.a.j.t.JMeterThread: Thread started: Usuarios Concurrentes (50) 1-48
2026-05-30 11:54:54,478 INFO o.a.j.e.J.Extraer token: TOKEN EXTRACTED OK: eyJhbGciOiJIUzI1NiJ9...
2026-05-30 11:54:54,488 INFO o.a.j.e.J.Extraer token: TOKEN EXTRACTED OK: eyJhbGciOiJIUzI1NiJ9...
2026-05-30 11:54:54,513 INFO o.a.j.e.J.Extraer token: TOKEN EXTRACTED OK: eyJhbGciOiJIUzI1NiJ9...
2026-05-30 11:54:54,518 INFO o.a.j.e.J.Extraer token: TOKEN EXTRACTED OK: eyJhbGciOiJIUzI1NiJ9...
2026-05-30 11:54:54,553 INFO o.a.j.e.J.Extraer token: TOKEN EXTRACTED OK: eyJhbGciOiJIUzI1NiJ9...
2026-05-30 11:54:54,568 INFO o.a.j.e.J.Extraer token: TOKEN EXTRACTED OK: eyJhbGciOiJIUzI1NiJ9...
2026-05-30 11:54:54,568 INFO o.a.j.e.J.Extraer token: TOKEN EXTRACTED OK: eyJhbGciOiJIUzI1NiJ9...
2026-05-30 11:54:54,575 INFO o.a.j.t.JMeterThread: Thread is done: Usuarios Concurrentes (50) 1-41
2026-05-30 11:54:54,575 INFO o.a.j.t.JMeterThread: Thread finished: Usuarios Concurrentes (50) 1-41
2026-05-30 11:54:54,575 INFO o.a.j.t.JMeterThread: Thread started: Usuarios Concurrentes (50) 1-49
2026-05-30 11:54:54,627 INFO o.a.j.e.J.Extraer token: TOKEN EXTRACTED OK: eyJhbGciOiJIUzI1NiJ9...
2026-05-30 11:54:54,638 INFO o.a.j.e.J.Extraer token: TOKEN EXTRACTED OK: eyJhbGciOiJIUzI1NiJ9...
2026-05-30 11:54:54,655 INFO o.a.j.e.J.Extraer token: TOKEN EXTRACTED OK: eyJhbGciOiJIUzI1NiJ9...
2026-05-30 11:54:54,663 INFO o.a.j.t.JMeterThread: Thread is done: Usuarios Concurrentes (50) 1-42
2026-05-30 11:54:54,663 INFO o.a.j.t.JMeterThread: Thread finished: Usuarios Concurrentes (50) 1-42
2026-05-30 11:54:54,675 INFO o.a.j.t.JMeterThread: Thread started: Usuarios Concurrentes (50) 1-50
2026-05-30 11:54:54,693 INFO o.a.j.e.J.Extraer token: TOKEN EXTRACTED OK: eyJhbGciOiJIUzI1NiJ9...
2026-05-30 11:54:54,698 INFO o.a.j.e.J.Extraer token: TOKEN EXTRACTED OK: eyJhbGciOiJIUzI1NiJ9...
2026-05-30 11:54:54,717 INFO o.a.j.e.J.Extraer token: TOKEN EXTRACTED OK: eyJhbGciOiJIUzI1NiJ9...
2026-05-30 11:54:54,729 INFO o.a.j.e.J.Extraer token: TOKEN EXTRACTED OK: eyJhbGciOiJIUzI1NiJ9...
2026-05-30 11:54:54,740 INFO o.a.j.e.J.Extraer token: TOKEN EXTRACTED OK: eyJhbGciOiJIUzI1NiJ9...
2026-05-30 11:54:54,751 INFO o.a.j.e.J.Extraer token: TOKEN EXTRACTED OK: eyJhbGciOiJIUzI1NiJ9...
2026-05-30 11:54:54,796 INFO o.a.j.t.JMeterThread: Thread is done: Usuarios Concurrentes (50) 1-43
2026-05-30 11:54:54,796 INFO o.a.j.t.JMeterThread: Thread finished: Usuarios Concurrentes (50) 1-43
2026-05-30 11:54:54,799 INFO o.a.j.e.J.Extraer token: TOKEN EXTRACTED OK: eyJhbGciOiJIUzI1NiJ9...
2026-05-30 11:54:54,818 INFO o.a.j.e.J.Extraer token: TOKEN EXTRACTED OK: eyJhbGciOiJIUzI1NiJ9...
2026-05-30 11:54:54,818 INFO o.a.j.t.JMeterThread: Thread is done: Usuarios Concurrentes (50) 1-44
2026-05-30 11:54:54,819 INFO o.a.j.t.JMeterThread: Thread finished: Usuarios Concurrentes (50) 1-44
2026-05-30 11:54:54,866 INFO o.a.j.e.J.Extraer token: TOKEN EXTRACTED OK: eyJhbGciOiJIUzI1NiJ9...
2026-05-30 11:54:54,880 INFO o.a.j.e.J.Extraer token: TOKEN EXTRACTED OK: eyJhbGciOiJIUzI1NiJ9...
2026-05-30 11:54:54,892 INFO o.a.j.e.J.Extraer token: TOKEN EXTRACTED OK: eyJhbGciOiJIUzI1NiJ9...
2026-05-30 11:54:54,909 INFO o.a.j.e.J.Extraer token: TOKEN EXTRACTED OK: eyJhbGciOiJIUzI1NiJ9...
2026-05-30 11:54:54,952 INFO o.a.j.e.J.Extraer token: TOKEN EXTRACTED OK: eyJhbGciOiJIUzI1NiJ9...
2026-05-30 11:54:54,963 INFO o.a.j.t.JMeterThread: Thread is done: Usuarios Concurrentes (50) 1-45
2026-05-30 11:54:54,963 INFO o.a.j.t.JMeterThread: Thread finished: Usuarios Concurrentes (50) 1-45
2026-05-30 11:54:54,971 INFO o.a.j.e.J.Extraer token: TOKEN EXTRACTED OK: eyJhbGciOiJIUzI1NiJ9...
2026-05-30 11:54:55,007 INFO o.a.j.e.J.Extraer token: TOKEN EXTRACTED OK: eyJhbGciOiJIUzI1NiJ9...
2026-05-30 11:54:55,020 INFO o.a.j.e.J.Extraer token: TOKEN EXTRACTED OK: eyJhbGciOiJIUzI1NiJ9...
2026-05-30 11:54:55,062 INFO o.a.j.e.J.Extraer token: TOKEN EXTRACTED OK: eyJhbGciOiJIUzI1NiJ9...
2026-05-30 11:54:55,071 INFO o.a.j.t.JMeterThread: Thread is done: Usuarios Concurrentes (50) 1-46
2026-05-30 11:54:55,071 INFO o.a.j.t.JMeterThread: Thread finished: Usuarios Concurrentes (50) 1-46
2026-05-30 11:54:55,090 INFO o.a.j.e.J.Extraer token: TOKEN EXTRACTED OK: eyJhbGciOiJIUzI1NiJ9...
2026-05-30 11:54:55,122 INFO o.a.j.e.J.Extraer token: TOKEN EXTRACTED OK: eyJhbGciOiJIUzI1NiJ9...
2026-05-30 11:54:55,156 INFO o.a.j.t.JMeterThread: Thread is done: Usuarios Concurrentes (50) 1-47
2026-05-30 11:54:55,156 INFO o.a.j.t.JMeterThread: Thread finished: Usuarios Concurrentes (50) 1-47
2026-05-30 11:54:55,170 INFO o.a.j.e.J.Extraer token: TOKEN EXTRACTED OK: eyJhbGciOiJIUzI1NiJ9...
2026-05-30 11:54:55,203 INFO o.a.j.e.J.Extraer token: TOKEN EXTRACTED OK: eyJhbGciOiJIUzI1NiJ9...
2026-05-30 11:54:55,242 INFO o.a.j.t.JMeterThread: Thread is done: Usuarios Concurrentes (50) 1-48
2026-05-30 11:54:55,242 INFO o.a.j.t.JMeterThread: Thread finished: Usuarios Concurrentes (50) 1-48
2026-05-30 11:54:55,266 INFO o.a.j.e.J.Extraer token: TOKEN EXTRACTED OK: eyJhbGciOiJIUzI1NiJ9...
2026-05-30 11:54:55,324 INFO o.a.j.t.JMeterThread: Thread is done: Usuarios Concurrentes (50) 1-49
2026-05-30 11:54:55,324 INFO o.a.j.t.JMeterThread: Thread finished: Usuarios Concurrentes (50) 1-49
2026-05-30 11:54:55,344 INFO o.a.j.e.J.Extraer token: TOKEN EXTRACTED OK: eyJhbGciOiJIUzI1NiJ9...
2026-05-30 11:54:55,411 INFO o.a.j.t.JMeterThread: Thread is done: Usuarios Concurrentes (50) 1-50
2026-05-30 11:54:55,411 INFO o.a.j.t.JMeterThread: Thread finished: Usuarios Concurrentes (50) 1-50
2026-05-30 11:54:55,411 INFO o.a.j.e.StandardJMeterEngine: Starting tearDown thread groups
2026-05-30 11:54:55,411 INFO o.a.j.e.StandardJMeterEngine: Starting tearDown ThreadGroup: 1 : TearDown - Limpiar listas huerfanas
2026-05-30 11:54:55,411 INFO o.a.j.e.StandardJMeterEngine: Starting 1 threads for group TearDown - Limpiar listas huerfanas.
2026-05-30 11:54:55,411 INFO o.a.j.e.StandardJMeterEngine: Thread will continue on error
2026-05-30 11:54:55,411 INFO o.a.j.t.ThreadGroup: Starting thread group... number=1 threads=1 ramp-up=1 delayedStart=false
2026-05-30 11:54:55,411 INFO o.a.j.t.ThreadGroup: Started thread group number 1
2026-05-30 11:54:55,411 INFO o.a.j.t.JMeterThread: Thread started: TearDown - Limpiar listas huerfanas 1-1
2026-05-30 11:54:55,567 INFO o.a.j.e.J.Borrar listas huerfanas: TEARDOWN: borradas 9 listas huerfanas
2026-05-30 11:54:55,567 INFO o.a.j.t.JMeterThread: Thread is done: TearDown - Limpiar listas huerfanas 1-1
2026-05-30 11:54:55,567 INFO o.a.j.t.JMeterThread: Thread finished: TearDown - Limpiar listas huerfanas 1-1
2026-05-30 11:54:55,567 INFO o.a.j.e.StandardJMeterEngine: Notifying test listeners of end of test
2026-05-30 11:54:55,567 INFO o.a.j.g.u.JMeterMenuBar: setRunning(false, *local*)
2026-05-30 11:55:41,899 INFO o.a.j.e.StandardJMeterEngine: Running the test!
2026-05-30 11:55:41,899 INFO o.a.j.s.SampleEvent: List of sample_variables: []
2026-05-30 11:55:41,902 INFO o.a.j.g.u.JMeterMenuBar: setRunning(true, *local*)
2026-05-30 11:55:41,903 INFO o.a.j.e.StandardJMeterEngine: Starting setUp thread groups
2026-05-30 11:55:41,903 INFO o.a.j.e.StandardJMeterEngine: Starting setUp ThreadGroup: 1 : Set Up - Registrar usuario 
2026-05-30 11:55:41,903 INFO o.a.j.e.StandardJMeterEngine: Starting 1 threads for group Set Up - Registrar usuario.
2026-05-30 11:55:41,903 INFO o.a.j.e.StandardJMeterEngine: Thread will continue on error
2026-05-30 11:55:41,903 INFO o.a.j.t.ThreadGroup: Starting thread group... number=1 threads=1 ramp-up=1 delayedStart=false
2026-05-30 11:55:41,904 INFO o.a.j.t.ThreadGroup: Started thread group number 1
2026-05-30 11:55:41,904 INFO o.a.j.e.StandardJMeterEngine: Waiting for all setup thread groups to exit
2026-05-30 11:55:41,904 INFO o.a.j.t.JMeterThread: Thread started: Set Up - Registrar usuario 1-1
2026-05-30 11:55:41,972 INFO o.a.j.t.JMeterThread: Thread is done: Set Up - Registrar usuario 1-1
2026-05-30 11:55:41,972 INFO o.a.j.t.JMeterThread: Thread finished: Set Up - Registrar usuario 1-1
2026-05-30 11:55:41,972 INFO o.a.j.e.StandardJMeterEngine: All Setup Threads have ended
2026-05-30 11:55:42,003 INFO o.a.j.e.StandardJMeterEngine: Starting ThreadGroup: 1 : Usuarios Concurrentes (50)
2026-05-30 11:55:42,003 INFO o.a.j.e.StandardJMeterEngine: Starting 50 threads for group Usuarios Concurrentes (50).
2026-05-30 11:55:42,003 INFO o.a.j.e.StandardJMeterEngine: Thread will start next loop on error
2026-05-30 11:55:42,003 INFO o.a.j.t.ThreadGroup: Starting thread group... number=1 threads=50 ramp-up=5 delayedStart=false
2026-05-30 11:55:42,003 INFO o.a.j.t.JMeterThread: Thread started: Usuarios Concurrentes (50) 1-1
2026-05-30 11:55:42,010 INFO o.a.j.t.ThreadGroup: Started thread group number 1
2026-05-30 11:55:42,010 INFO o.a.j.e.StandardJMeterEngine: All thread groups have been started
2026-05-30 11:55:42,082 INFO o.a.j.e.J.Extraer token: TOKEN EXTRACTED OK: eyJhbGciOiJIUzI1NiJ9...
2026-05-30 11:55:42,103 INFO o.a.j.t.JMeterThread: Thread started: Usuarios Concurrentes (50) 1-2
2026-05-30 11:55:42,175 INFO o.a.j.e.J.Extraer token: TOKEN EXTRACTED OK: eyJhbGciOiJIUzI1NiJ9...
2026-05-30 11:55:42,204 INFO o.a.j.t.JMeterThread: Thread started: Usuarios Concurrentes (50) 1-3
2026-05-30 11:55:42,225 INFO o.a.j.e.J.Extraer token: TOKEN EXTRACTED OK: eyJhbGciOiJIUzI1NiJ9...
2026-05-30 11:55:42,275 INFO o.a.j.e.J.Extraer token: TOKEN EXTRACTED OK: eyJhbGciOiJIUzI1NiJ9...
2026-05-30 11:55:42,304 INFO o.a.j.t.JMeterThread: Thread started: Usuarios Concurrentes (50) 1-4
2026-05-30 11:55:42,305 INFO o.a.j.e.J.Extraer token: TOKEN EXTRACTED OK: eyJhbGciOiJIUzI1NiJ9...
2026-05-30 11:55:42,311 INFO o.a.j.e.J.Extraer token: TOKEN EXTRACTED OK: eyJhbGciOiJIUzI1NiJ9...
2026-05-30 11:55:42,379 INFO o.a.j.e.J.Extraer token: TOKEN EXTRACTED OK: eyJhbGciOiJIUzI1NiJ9...
2026-05-30 11:55:42,404 INFO o.a.j.t.JMeterThread: Thread started: Usuarios Concurrentes (50) 1-5
2026-05-30 11:55:42,421 INFO o.a.j.e.J.Extraer token: TOKEN EXTRACTED OK: eyJhbGciOiJIUzI1NiJ9...
2026-05-30 11:55:42,442 INFO o.a.j.e.J.Extraer token: TOKEN EXTRACTED OK: eyJhbGciOiJIUzI1NiJ9...
2026-05-30 11:55:42,454 INFO o.a.j.e.J.Extraer token: TOKEN EXTRACTED OK: eyJhbGciOiJIUzI1NiJ9...
2026-05-30 11:55:42,490 INFO o.a.j.e.J.Extraer token: TOKEN EXTRACTED OK: eyJhbGciOiJIUzI1NiJ9...
2026-05-30 11:55:42,503 INFO o.a.j.t.JMeterThread: Thread started: Usuarios Concurrentes (50) 1-6
2026-05-30 11:55:42,516 INFO o.a.j.e.J.Extraer token: TOKEN EXTRACTED OK: eyJhbGciOiJIUzI1NiJ9...
2026-05-30 11:55:42,517 INFO o.a.j.e.J.Extraer token: TOKEN EXTRACTED OK: eyJhbGciOiJIUzI1NiJ9...
2026-05-30 11:55:42,579 INFO o.a.j.e.J.Extraer token: TOKEN EXTRACTED OK: eyJhbGciOiJIUzI1NiJ9...
2026-05-30 11:55:42,599 INFO o.a.j.e.J.Extraer token: TOKEN EXTRACTED OK: eyJhbGciOiJIUzI1NiJ9...
2026-05-30 11:55:42,600 INFO o.a.j.e.J.Extraer token: TOKEN EXTRACTED OK: eyJhbGciOiJIUzI1NiJ9...
2026-05-30 11:55:42,603 INFO o.a.j.t.JMeterThread: Thread started: Usuarios Concurrentes (50) 1-7
2026-05-30 11:55:42,635 INFO o.a.j.e.J.Extraer token: TOKEN EXTRACTED OK: eyJhbGciOiJIUzI1NiJ9...
2026-05-30 11:55:42,661 INFO o.a.j.e.J.Extraer token: TOKEN EXTRACTED OK: eyJhbGciOiJIUzI1NiJ9...
2026-05-30 11:55:42,669 INFO o.a.j.t.JMeterThread: Thread is done: Usuarios Concurrentes (50) 1-1
2026-05-30 11:55:42,669 INFO o.a.j.t.JMeterThread: Thread finished: Usuarios Concurrentes (50) 1-1
2026-05-30 11:55:42,670 INFO o.a.j.e.J.Extraer token: TOKEN EXTRACTED OK: eyJhbGciOiJIUzI1NiJ9...
2026-05-30 11:55:42,679 INFO o.a.j.e.J.Extraer token: TOKEN EXTRACTED OK: eyJhbGciOiJIUzI1NiJ9...
2026-05-30 11:55:42,704 INFO o.a.j.t.JMeterThread: Thread started: Usuarios Concurrentes (50) 1-8
2026-05-30 11:55:42,727 INFO o.a.j.e.J.Extraer token: TOKEN EXTRACTED OK: eyJhbGciOiJIUzI1NiJ9...
2026-05-30 11:55:42,746 INFO o.a.j.e.J.Extraer token: TOKEN EXTRACTED OK: eyJhbGciOiJIUzI1NiJ9...
2026-05-30 11:55:42,778 INFO o.a.j.e.J.Extraer token: TOKEN EXTRACTED OK: eyJhbGciOiJIUzI1NiJ9...
2026-05-30 11:55:42,794 INFO o.a.j.e.J.Extraer token: TOKEN EXTRACTED OK: eyJhbGciOiJIUzI1NiJ9...
2026-05-30 11:55:42,804 INFO o.a.j.t.JMeterThread: Thread started: Usuarios Concurrentes (50) 1-9
2026-05-30 11:55:42,811 INFO o.a.j.t.JMeterThread: Thread is done: Usuarios Concurrentes (50) 1-2
2026-05-30 11:55:42,811 INFO o.a.j.t.JMeterThread: Thread finished: Usuarios Concurrentes (50) 1-2
2026-05-30 11:55:42,816 INFO o.a.j.e.J.Extraer token: TOKEN EXTRACTED OK: eyJhbGciOiJIUzI1NiJ9...
2026-05-30 11:55:42,821 INFO o.a.j.e.J.Extraer token: TOKEN EXTRACTED OK: eyJhbGciOiJIUzI1NiJ9...
2026-05-30 11:55:42,821 INFO o.a.j.e.J.Extraer token: TOKEN EXTRACTED OK: eyJhbGciOiJIUzI1NiJ9...
2026-05-30 11:55:42,870 INFO o.a.j.e.J.Extraer token: TOKEN EXTRACTED OK: eyJhbGciOiJIUzI1NiJ9...
2026-05-30 11:55:42,881 INFO o.a.j.e.J.Extraer token: TOKEN EXTRACTED OK: eyJhbGciOiJIUzI1NiJ9...
2026-05-30 11:55:42,891 INFO o.a.j.t.JMeterThread: Thread is done: Usuarios Concurrentes (50) 1-3
2026-05-30 11:55:42,891 INFO o.a.j.t.JMeterThread: Thread finished: Usuarios Concurrentes (50) 1-3
2026-05-30 11:55:42,904 INFO o.a.j.t.JMeterThread: Thread started: Usuarios Concurrentes (50) 1-10
2026-05-30 11:55:42,934 INFO o.a.j.e.J.Extraer token: TOKEN EXTRACTED OK: eyJhbGciOiJIUzI1NiJ9...
2026-05-30 11:55:42,956 INFO o.a.j.e.J.Extraer token: TOKEN EXTRACTED OK: eyJhbGciOiJIUzI1NiJ9...
2026-05-30 11:55:42,964 INFO o.a.j.e.J.Extraer token: TOKEN EXTRACTED OK: eyJhbGciOiJIUzI1NiJ9...
2026-05-30 11:55:42,969 INFO o.a.j.e.J.Extraer token: TOKEN EXTRACTED OK: eyJhbGciOiJIUzI1NiJ9...
2026-05-30 11:55:42,978 INFO o.a.j.e.J.Extraer token: TOKEN EXTRACTED OK: eyJhbGciOiJIUzI1NiJ9...
2026-05-30 11:55:43,003 INFO o.a.j.t.JMeterThread: Thread started: Usuarios Concurrentes (50) 1-11
2026-05-30 11:55:43,010 INFO o.a.j.e.J.Extraer token: TOKEN EXTRACTED OK: eyJhbGciOiJIUzI1NiJ9...
2026-05-30 11:55:43,021 INFO o.a.j.e.J.Extraer token: TOKEN EXTRACTED OK: eyJhbGciOiJIUzI1NiJ9...
2026-05-30 11:55:43,029 INFO o.a.j.t.JMeterThread: Thread is done: Usuarios Concurrentes (50) 1-4
2026-05-30 11:55:43,029 INFO o.a.j.t.JMeterThread: Thread finished: Usuarios Concurrentes (50) 1-4
2026-05-30 11:55:43,081 INFO o.a.j.e.J.Extraer token: TOKEN EXTRACTED OK: eyJhbGciOiJIUzI1NiJ9...
2026-05-30 11:55:43,085 INFO o.a.j.e.J.Extraer token: TOKEN EXTRACTED OK: eyJhbGciOiJIUzI1NiJ9...
2026-05-30 11:55:43,103 INFO o.a.j.t.JMeterThread: Thread started: Usuarios Concurrentes (50) 1-12
2026-05-30 11:55:43,113 INFO o.a.j.e.J.Extraer token: TOKEN EXTRACTED OK: eyJhbGciOiJIUzI1NiJ9...
2026-05-30 11:55:43,117 INFO o.a.j.e.J.Extraer token: TOKEN EXTRACTED OK: eyJhbGciOiJIUzI1NiJ9...
2026-05-30 11:55:43,144 INFO o.a.j.e.J.Extraer token: TOKEN EXTRACTED OK: eyJhbGciOiJIUzI1NiJ9...
2026-05-30 11:55:43,156 INFO o.a.j.t.JMeterThread: Thread is done: Usuarios Concurrentes (50) 1-5
2026-05-30 11:55:43,156 INFO o.a.j.t.JMeterThread: Thread finished: Usuarios Concurrentes (50) 1-5
2026-05-30 11:55:43,170 INFO o.a.j.e.J.Extraer token: TOKEN EXTRACTED OK: eyJhbGciOiJIUzI1NiJ9...
2026-05-30 11:55:43,182 INFO o.a.j.e.J.Extraer token: TOKEN EXTRACTED OK: eyJhbGciOiJIUzI1NiJ9...
2026-05-30 11:55:43,187 INFO o.a.j.e.J.Extraer token: TOKEN EXTRACTED OK: eyJhbGciOiJIUzI1NiJ9...
2026-05-30 11:55:43,203 INFO o.a.j.t.JMeterThread: Thread started: Usuarios Concurrentes (50) 1-13
2026-05-30 11:55:43,228 INFO o.a.j.e.J.Extraer token: TOKEN EXTRACTED OK: eyJhbGciOiJIUzI1NiJ9...
2026-05-30 11:55:43,240 INFO o.a.j.t.JMeterThread: Thread is done: Usuarios Concurrentes (50) 1-6
2026-05-30 11:55:43,240 INFO o.a.j.t.JMeterThread: Thread finished: Usuarios Concurrentes (50) 1-6
2026-05-30 11:55:43,266 INFO o.a.j.e.J.Extraer token: TOKEN EXTRACTED OK: eyJhbGciOiJIUzI1NiJ9...
2026-05-30 11:55:43,267 INFO o.a.j.e.J.Extraer token: TOKEN EXTRACTED OK: eyJhbGciOiJIUzI1NiJ9...
2026-05-30 11:55:43,279 INFO o.a.j.e.J.Extraer token: TOKEN EXTRACTED OK: eyJhbGciOiJIUzI1NiJ9...
2026-05-30 11:55:43,302 INFO o.a.j.e.J.Extraer token: TOKEN EXTRACTED OK: eyJhbGciOiJIUzI1NiJ9...
2026-05-30 11:55:43,304 INFO o.a.j.t.JMeterThread: Thread started: Usuarios Concurrentes (50) 1-14
2026-05-30 11:55:43,329 INFO o.a.j.e.J.Extraer token: TOKEN EXTRACTED OK: eyJhbGciOiJIUzI1NiJ9...
2026-05-30 11:55:43,334 INFO o.a.j.t.JMeterThread: Thread is done: Usuarios Concurrentes (50) 1-7
2026-05-30 11:55:43,335 INFO o.a.j.t.JMeterThread: Thread finished: Usuarios Concurrentes (50) 1-7
2026-05-30 11:55:43,341 INFO o.a.j.e.J.Extraer token: TOKEN EXTRACTED OK: eyJhbGciOiJIUzI1NiJ9...
2026-05-30 11:55:43,368 INFO o.a.j.e.J.Extraer token: TOKEN EXTRACTED OK: eyJhbGciOiJIUzI1NiJ9...
2026-05-30 11:55:43,377 INFO o.a.j.e.J.Extraer token: TOKEN EXTRACTED OK: eyJhbGciOiJIUzI1NiJ9...
2026-05-30 11:55:43,379 INFO o.a.j.e.J.Extraer token: TOKEN EXTRACTED OK: eyJhbGciOiJIUzI1NiJ9...
2026-05-30 11:55:43,404 INFO o.a.j.t.JMeterThread: Thread started: Usuarios Concurrentes (50) 1-15
2026-05-30 11:55:43,416 INFO o.a.j.e.J.Extraer token: TOKEN EXTRACTED OK: eyJhbGciOiJIUzI1NiJ9...
2026-05-30 11:55:43,445 INFO o.a.j.e.J.Extraer token: TOKEN EXTRACTED OK: eyJhbGciOiJIUzI1NiJ9...
2026-05-30 11:55:43,478 INFO o.a.j.e.J.Extraer token: TOKEN EXTRACTED OK: eyJhbGciOiJIUzI1NiJ9...
2026-05-30 11:55:43,482 INFO o.a.j.e.J.Extraer token: TOKEN EXTRACTED OK: eyJhbGciOiJIUzI1NiJ9...
2026-05-30 11:55:43,485 INFO o.a.j.e.J.Extraer token: TOKEN EXTRACTED OK: eyJhbGciOiJIUzI1NiJ9...
2026-05-30 11:55:43,489 INFO o.a.j.t.JMeterThread: Thread is done: Usuarios Concurrentes (50) 1-8
2026-05-30 11:55:43,490 INFO o.a.j.t.JMeterThread: Thread finished: Usuarios Concurrentes (50) 1-8
2026-05-30 11:55:43,504 INFO o.a.j.t.JMeterThread: Thread started: Usuarios Concurrentes (50) 1-16
2026-05-30 11:55:43,524 INFO o.a.j.e.J.Extraer token: TOKEN EXTRACTED OK: eyJhbGciOiJIUzI1NiJ9...
2026-05-30 11:55:43,528 INFO o.a.j.e.J.Extraer token: TOKEN EXTRACTED OK: eyJhbGciOiJIUzI1NiJ9...
2026-05-30 11:55:43,543 INFO o.a.j.e.J.Extraer token: TOKEN EXTRACTED OK: eyJhbGciOiJIUzI1NiJ9...
2026-05-30 11:55:43,569 INFO o.a.j.t.JMeterThread: Thread is done: Usuarios Concurrentes (50) 1-9
2026-05-30 11:55:43,569 INFO o.a.j.t.JMeterThread: Thread finished: Usuarios Concurrentes (50) 1-9
2026-05-30 11:55:43,583 INFO o.a.j.e.J.Extraer token: TOKEN EXTRACTED OK: eyJhbGciOiJIUzI1NiJ9...
2026-05-30 11:55:43,604 INFO o.a.j.t.JMeterThread: Thread started: Usuarios Concurrentes (50) 1-17
2026-05-30 11:55:43,617 INFO o.a.j.e.J.Extraer token: TOKEN EXTRACTED OK: eyJhbGciOiJIUzI1NiJ9...
2026-05-30 11:55:43,629 INFO o.a.j.e.J.Extraer token: TOKEN EXTRACTED OK: eyJhbGciOiJIUzI1NiJ9...
2026-05-30 11:55:43,644 INFO o.a.j.e.J.Extraer token: TOKEN EXTRACTED OK: eyJhbGciOiJIUzI1NiJ9...
2026-05-30 11:55:43,654 INFO o.a.j.e.J.Extraer token: TOKEN EXTRACTED OK: eyJhbGciOiJIUzI1NiJ9...
2026-05-30 11:55:43,680 INFO o.a.j.e.J.Extraer token: TOKEN EXTRACTED OK: eyJhbGciOiJIUzI1NiJ9...
2026-05-30 11:55:43,693 INFO o.a.j.t.JMeterThread: Thread is done: Usuarios Concurrentes (50) 1-10
2026-05-30 11:55:43,693 INFO o.a.j.t.JMeterThread: Thread finished: Usuarios Concurrentes (50) 1-10
2026-05-30 11:55:43,693 INFO o.a.j.e.J.Extraer token: TOKEN EXTRACTED OK: eyJhbGciOiJIUzI1NiJ9...
2026-05-30 11:55:43,701 INFO o.a.j.e.J.Extraer token: TOKEN EXTRACTED OK: eyJhbGciOiJIUzI1NiJ9...
2026-05-30 11:55:43,703 INFO o.a.j.t.JMeterThread: Thread started: Usuarios Concurrentes (50) 1-18
2026-05-30 11:55:43,732 INFO o.a.j.e.J.Extraer token: TOKEN EXTRACTED OK: eyJhbGciOiJIUzI1NiJ9...
2026-05-30 11:55:43,766 INFO o.a.j.t.JMeterThread: Thread is done: Usuarios Concurrentes (50) 1-11
2026-05-30 11:55:43,766 INFO o.a.j.t.JMeterThread: Thread finished: Usuarios Concurrentes (50) 1-11
2026-05-30 11:55:43,778 INFO o.a.j.e.J.Extraer token: TOKEN EXTRACTED OK: eyJhbGciOiJIUzI1NiJ9...
2026-05-30 11:55:43,787 INFO o.a.j.e.J.Extraer token: TOKEN EXTRACTED OK: eyJhbGciOiJIUzI1NiJ9...
2026-05-30 11:55:43,798 INFO o.a.j.e.J.Extraer token: TOKEN EXTRACTED OK: eyJhbGciOiJIUzI1NiJ9...
2026-05-30 11:55:43,803 INFO o.a.j.t.JMeterThread: Thread started: Usuarios Concurrentes (50) 1-19
2026-05-30 11:55:43,815 INFO o.a.j.e.J.Extraer token: TOKEN EXTRACTED OK: eyJhbGciOiJIUzI1NiJ9...
2026-05-30 11:55:43,830 INFO o.a.j.e.J.Extraer token: TOKEN EXTRACTED OK: eyJhbGciOiJIUzI1NiJ9...
2026-05-30 11:55:43,853 INFO o.a.j.e.J.Extraer token: TOKEN EXTRACTED OK: eyJhbGciOiJIUzI1NiJ9...
2026-05-30 11:55:43,876 INFO o.a.j.e.J.Extraer token: TOKEN EXTRACTED OK: eyJhbGciOiJIUzI1NiJ9...
2026-05-30 11:55:43,879 INFO o.a.j.e.J.Extraer token: TOKEN EXTRACTED OK: eyJhbGciOiJIUzI1NiJ9...
2026-05-30 11:55:43,889 INFO o.a.j.t.JMeterThread: Thread is done: Usuarios Concurrentes (50) 1-12
2026-05-30 11:55:43,889 INFO o.a.j.t.JMeterThread: Thread finished: Usuarios Concurrentes (50) 1-12
2026-05-30 11:55:43,903 INFO o.a.j.t.JMeterThread: Thread started: Usuarios Concurrentes (50) 1-20
2026-05-30 11:55:43,918 INFO o.a.j.e.J.Extraer token: TOKEN EXTRACTED OK: eyJhbGciOiJIUzI1NiJ9...
2026-05-30 11:55:43,925 INFO o.a.j.t.JMeterThread: Thread is done: Usuarios Concurrentes (50) 1-13
2026-05-30 11:55:43,925 INFO o.a.j.t.JMeterThread: Thread finished: Usuarios Concurrentes (50) 1-13
2026-05-30 11:55:43,932 INFO o.a.j.e.J.Extraer token: TOKEN EXTRACTED OK: eyJhbGciOiJIUzI1NiJ9...
2026-05-30 11:55:43,946 INFO o.a.j.e.J.Extraer token: TOKEN EXTRACTED OK: eyJhbGciOiJIUzI1NiJ9...
2026-05-30 11:55:43,966 INFO o.a.j.e.J.Extraer token: TOKEN EXTRACTED OK: eyJhbGciOiJIUzI1NiJ9...
2026-05-30 11:55:43,983 INFO o.a.j.e.J.Extraer token: TOKEN EXTRACTED OK: eyJhbGciOiJIUzI1NiJ9...
2026-05-30 11:55:44,003 INFO o.a.j.t.JMeterThread: Thread started: Usuarios Concurrentes (50) 1-21
2026-05-30 11:55:44,008 INFO o.a.j.t.JMeterThread: Thread is done: Usuarios Concurrentes (50) 1-14
2026-05-30 11:55:44,008 INFO o.a.j.t.JMeterThread: Thread finished: Usuarios Concurrentes (50) 1-14
2026-05-30 11:55:44,016 INFO o.a.j.e.J.Extraer token: TOKEN EXTRACTED OK: eyJhbGciOiJIUzI1NiJ9...
2026-05-30 11:55:44,032 INFO o.a.j.e.J.Extraer token: TOKEN EXTRACTED OK: eyJhbGciOiJIUzI1NiJ9...
2026-05-30 11:55:44,067 INFO o.a.j.e.J.Extraer token: TOKEN EXTRACTED OK: eyJhbGciOiJIUzI1NiJ9...
2026-05-30 11:55:44,086 INFO o.a.j.e.J.Extraer token: TOKEN EXTRACTED OK: eyJhbGciOiJIUzI1NiJ9...
2026-05-30 11:55:44,087 INFO o.a.j.e.J.Extraer token: TOKEN EXTRACTED OK: eyJhbGciOiJIUzI1NiJ9...
2026-05-30 11:55:44,103 INFO o.a.j.t.JMeterThread: Thread started: Usuarios Concurrentes (50) 1-22
2026-05-30 11:55:44,114 INFO o.a.j.e.J.Extraer token: TOKEN EXTRACTED OK: eyJhbGciOiJIUzI1NiJ9...
2026-05-30 11:55:44,142 INFO o.a.j.e.J.Extraer token: TOKEN EXTRACTED OK: eyJhbGciOiJIUzI1NiJ9...
2026-05-30 11:55:44,154 INFO o.a.j.e.J.Extraer token: TOKEN EXTRACTED OK: eyJhbGciOiJIUzI1NiJ9...
2026-05-30 11:55:44,157 INFO o.a.j.t.JMeterThread: Thread is done: Usuarios Concurrentes (50) 1-15
2026-05-30 11:55:44,157 INFO o.a.j.t.JMeterThread: Thread finished: Usuarios Concurrentes (50) 1-15
2026-05-30 11:55:44,177 INFO o.a.j.e.J.Extraer token: TOKEN EXTRACTED OK: eyJhbGciOiJIUzI1NiJ9...
2026-05-30 11:55:44,194 INFO o.a.j.e.J.Extraer token: TOKEN EXTRACTED OK: eyJhbGciOiJIUzI1NiJ9...
2026-05-30 11:55:44,204 INFO o.a.j.t.JMeterThread: Thread started: Usuarios Concurrentes (50) 1-23
2026-05-30 11:55:44,220 INFO o.a.j.t.JMeterThread: Thread is done: Usuarios Concurrentes (50) 1-16
2026-05-30 11:55:44,220 INFO o.a.j.t.JMeterThread: Thread finished: Usuarios Concurrentes (50) 1-16
2026-05-30 11:55:44,223 INFO o.a.j.e.J.Extraer token: TOKEN EXTRACTED OK: eyJhbGciOiJIUzI1NiJ9...
2026-05-30 11:55:44,223 INFO o.a.j.e.J.Extraer token: TOKEN EXTRACTED OK: eyJhbGciOiJIUzI1NiJ9...
2026-05-30 11:55:44,230 INFO o.a.j.e.J.Extraer token: TOKEN EXTRACTED OK: eyJhbGciOiJIUzI1NiJ9...
2026-05-30 11:55:44,262 INFO o.a.j.e.J.Extraer token: TOKEN EXTRACTED OK: eyJhbGciOiJIUzI1NiJ9...
2026-05-30 11:55:44,282 INFO o.a.j.e.J.Extraer token: TOKEN EXTRACTED OK: eyJhbGciOiJIUzI1NiJ9...
2026-05-30 11:55:44,304 INFO o.a.j.t.JMeterThread: Thread started: Usuarios Concurrentes (50) 1-24
2026-05-30 11:55:44,313 INFO o.a.j.e.J.Extraer token: TOKEN EXTRACTED OK: eyJhbGciOiJIUzI1NiJ9...
2026-05-30 11:55:44,325 INFO o.a.j.e.J.Extraer token: TOKEN EXTRACTED OK: eyJhbGciOiJIUzI1NiJ9...
2026-05-30 11:55:44,329 INFO o.a.j.t.JMeterThread: Thread is done: Usuarios Concurrentes (50) 1-17
2026-05-30 11:55:44,329 INFO o.a.j.t.JMeterThread: Thread finished: Usuarios Concurrentes (50) 1-17
2026-05-30 11:55:44,338 INFO o.a.j.e.J.Extraer token: TOKEN EXTRACTED OK: eyJhbGciOiJIUzI1NiJ9...
2026-05-30 11:55:44,359 INFO o.a.j.e.J.Extraer token: TOKEN EXTRACTED OK: eyJhbGciOiJIUzI1NiJ9...
2026-05-30 11:55:44,378 INFO o.a.j.e.J.Extraer token: TOKEN EXTRACTED OK: eyJhbGciOiJIUzI1NiJ9...
2026-05-30 11:55:44,380 INFO o.a.j.t.JMeterThread: Thread is done: Usuarios Concurrentes (50) 1-18
2026-05-30 11:55:44,380 INFO o.a.j.t.JMeterThread: Thread finished: Usuarios Concurrentes (50) 1-18
2026-05-30 11:55:44,380 INFO o.a.j.e.J.Extraer token: TOKEN EXTRACTED OK: eyJhbGciOiJIUzI1NiJ9...
2026-05-30 11:55:44,404 INFO o.a.j.t.JMeterThread: Thread started: Usuarios Concurrentes (50) 1-25
2026-05-30 11:55:44,419 INFO o.a.j.e.J.Extraer token: TOKEN EXTRACTED OK: eyJhbGciOiJIUzI1NiJ9...
2026-05-30 11:55:44,428 INFO o.a.j.e.J.Extraer token: TOKEN EXTRACTED OK: eyJhbGciOiJIUzI1NiJ9...
2026-05-30 11:55:44,459 INFO o.a.j.e.J.Extraer token: TOKEN EXTRACTED OK: eyJhbGciOiJIUzI1NiJ9...
2026-05-30 11:55:44,467 INFO o.a.j.e.J.Extraer token: TOKEN EXTRACTED OK: eyJhbGciOiJIUzI1NiJ9...
2026-05-30 11:55:44,484 INFO o.a.j.t.JMeterThread: Thread is done: Usuarios Concurrentes (50) 1-19
2026-05-30 11:55:44,484 INFO o.a.j.t.JMeterThread: Thread finished: Usuarios Concurrentes (50) 1-19
2026-05-30 11:55:44,484 INFO o.a.j.e.J.Extraer token: TOKEN EXTRACTED OK: eyJhbGciOiJIUzI1NiJ9...
2026-05-30 11:55:44,500 INFO o.a.j.e.J.Extraer token: TOKEN EXTRACTED OK: eyJhbGciOiJIUzI1NiJ9...
2026-05-30 11:55:44,503 INFO o.a.j.t.JMeterThread: Thread started: Usuarios Concurrentes (50) 1-26
2026-05-30 11:55:44,521 INFO o.a.j.e.J.Extraer token: TOKEN EXTRACTED OK: eyJhbGciOiJIUzI1NiJ9...
2026-05-30 11:55:44,549 INFO o.a.j.t.JMeterThread: Thread is done: Usuarios Concurrentes (50) 1-20
2026-05-30 11:55:44,549 INFO o.a.j.t.JMeterThread: Thread finished: Usuarios Concurrentes (50) 1-20
2026-05-30 11:55:44,574 INFO o.a.j.e.J.Extraer token: TOKEN EXTRACTED OK: eyJhbGciOiJIUzI1NiJ9...
2026-05-30 11:55:44,578 INFO o.a.j.e.J.Extraer token: TOKEN EXTRACTED OK: eyJhbGciOiJIUzI1NiJ9...
2026-05-30 11:55:44,596 INFO o.a.j.e.J.Extraer token: TOKEN EXTRACTED OK: eyJhbGciOiJIUzI1NiJ9...
2026-05-30 11:55:44,603 INFO o.a.j.t.JMeterThread: Thread started: Usuarios Concurrentes (50) 1-27
2026-05-30 11:55:44,651 INFO o.a.j.e.J.Extraer token: TOKEN EXTRACTED OK: eyJhbGciOiJIUzI1NiJ9...
2026-05-30 11:55:44,657 INFO o.a.j.e.J.Extraer token: TOKEN EXTRACTED OK: eyJhbGciOiJIUzI1NiJ9...
2026-05-30 11:55:44,685 INFO o.a.j.e.J.Extraer token: TOKEN EXTRACTED OK: eyJhbGciOiJIUzI1NiJ9...
2026-05-30 11:55:44,687 INFO o.a.j.e.J.Extraer token: TOKEN EXTRACTED OK: eyJhbGciOiJIUzI1NiJ9...
2026-05-30 11:55:44,703 INFO o.a.j.t.JMeterThread: Thread started: Usuarios Concurrentes (50) 1-28
2026-05-30 11:55:44,737 INFO o.a.j.e.J.Extraer token: TOKEN EXTRACTED OK: eyJhbGciOiJIUzI1NiJ9...
2026-05-30 11:55:44,741 INFO o.a.j.e.J.Extraer token: TOKEN EXTRACTED OK: eyJhbGciOiJIUzI1NiJ9...
2026-05-30 11:55:44,749 INFO o.a.j.t.JMeterThread: Thread is done: Usuarios Concurrentes (50) 1-21
2026-05-30 11:55:44,749 INFO o.a.j.t.JMeterThread: Thread finished: Usuarios Concurrentes (50) 1-21
2026-05-30 11:55:44,756 INFO o.a.j.e.J.Extraer token: TOKEN EXTRACTED OK: eyJhbGciOiJIUzI1NiJ9...
2026-05-30 11:55:44,804 INFO o.a.j.t.JMeterThread: Thread started: Usuarios Concurrentes (50) 1-29
2026-05-30 11:55:44,805 INFO o.a.j.e.J.Extraer token: TOKEN EXTRACTED OK: eyJhbGciOiJIUzI1NiJ9...
2026-05-30 11:55:44,825 INFO o.a.j.e.J.Extraer token: TOKEN EXTRACTED OK: eyJhbGciOiJIUzI1NiJ9...
2026-05-30 11:55:44,859 INFO o.a.j.t.JMeterThread: Thread is done: Usuarios Concurrentes (50) 1-22
2026-05-30 11:55:44,859 INFO o.a.j.t.JMeterThread: Thread finished: Usuarios Concurrentes (50) 1-22
2026-05-30 11:55:44,883 INFO o.a.j.e.J.Extraer token: TOKEN EXTRACTED OK: eyJhbGciOiJIUzI1NiJ9...
2026-05-30 11:55:44,883 INFO o.a.j.e.J.Extraer token: TOKEN EXTRACTED OK: eyJhbGciOiJIUzI1NiJ9...
2026-05-30 11:55:44,900 INFO o.a.j.e.J.Extraer token: TOKEN EXTRACTED OK: eyJhbGciOiJIUzI1NiJ9...
2026-05-30 11:55:44,903 INFO o.a.j.t.JMeterThread: Thread started: Usuarios Concurrentes (50) 1-30
2026-05-30 11:55:44,937 INFO o.a.j.e.J.Extraer token: TOKEN EXTRACTED OK: eyJhbGciOiJIUzI1NiJ9...
2026-05-30 11:55:44,943 INFO o.a.j.e.J.Extraer token: TOKEN EXTRACTED OK: eyJhbGciOiJIUzI1NiJ9...
2026-05-30 11:55:44,957 INFO o.a.j.e.J.Extraer token: TOKEN EXTRACTED OK: eyJhbGciOiJIUzI1NiJ9...
2026-05-30 11:55:44,971 INFO o.a.j.e.J.Extraer token: TOKEN EXTRACTED OK: eyJhbGciOiJIUzI1NiJ9...
2026-05-30 11:55:44,980 INFO o.a.j.e.J.Extraer token: TOKEN EXTRACTED OK: eyJhbGciOiJIUzI1NiJ9...
2026-05-30 11:55:44,995 INFO o.a.j.e.J.Extraer token: TOKEN EXTRACTED OK: eyJhbGciOiJIUzI1NiJ9...
2026-05-30 11:55:44,997 INFO o.a.j.e.J.Extraer token: TOKEN EXTRACTED OK: eyJhbGciOiJIUzI1NiJ9...
2026-05-30 11:55:45,003 INFO o.a.j.t.JMeterThread: Thread started: Usuarios Concurrentes (50) 1-31
2026-05-30 11:55:45,020 INFO o.a.j.t.JMeterThread: Thread is done: Usuarios Concurrentes (50) 1-23
2026-05-30 11:55:45,020 INFO o.a.j.t.JMeterThread: Thread finished: Usuarios Concurrentes (50) 1-23
2026-05-30 11:55:45,059 INFO o.a.j.e.J.Extraer token: TOKEN EXTRACTED OK: eyJhbGciOiJIUzI1NiJ9...
2026-05-30 11:55:45,080 INFO o.a.j.e.J.Extraer token: TOKEN EXTRACTED OK: eyJhbGciOiJIUzI1NiJ9...
2026-05-30 11:55:45,085 INFO o.a.j.e.J.Extraer token: TOKEN EXTRACTED OK: eyJhbGciOiJIUzI1NiJ9...
2026-05-30 11:55:45,104 INFO o.a.j.t.JMeterThread: Thread started: Usuarios Concurrentes (50) 1-32
2026-05-30 11:55:45,125 INFO o.a.j.e.J.Extraer token: TOKEN EXTRACTED OK: eyJhbGciOiJIUzI1NiJ9...
2026-05-30 11:55:45,131 INFO o.a.j.t.JMeterThread: Thread is done: Usuarios Concurrentes (50) 1-24
2026-05-30 11:55:45,131 INFO o.a.j.t.JMeterThread: Thread finished: Usuarios Concurrentes (50) 1-24
2026-05-30 11:55:45,135 INFO o.a.j.e.J.Extraer token: TOKEN EXTRACTED OK: eyJhbGciOiJIUzI1NiJ9...
2026-05-30 11:55:45,151 INFO o.a.j.e.J.Extraer token: TOKEN EXTRACTED OK: eyJhbGciOiJIUzI1NiJ9...
2026-05-30 11:55:45,152 INFO o.a.j.e.J.Extraer token: TOKEN EXTRACTED OK: eyJhbGciOiJIUzI1NiJ9...
2026-05-30 11:55:45,167 INFO o.a.j.e.J.Extraer token: TOKEN EXTRACTED OK: eyJhbGciOiJIUzI1NiJ9...
2026-05-30 11:55:45,194 INFO o.a.j.e.J.Extraer token: TOKEN EXTRACTED OK: eyJhbGciOiJIUzI1NiJ9...
2026-05-30 11:55:45,204 INFO o.a.j.t.JMeterThread: Thread started: Usuarios Concurrentes (50) 1-33
2026-05-30 11:55:45,238 INFO o.a.j.t.JMeterThread: Thread is done: Usuarios Concurrentes (50) 1-25
2026-05-30 11:55:45,238 INFO o.a.j.t.JMeterThread: Thread finished: Usuarios Concurrentes (50) 1-25
2026-05-30 11:55:45,244 INFO o.a.j.e.J.Extraer token: TOKEN EXTRACTED OK: eyJhbGciOiJIUzI1NiJ9...
2026-05-30 11:55:45,250 INFO o.a.j.e.J.Extraer token: TOKEN EXTRACTED OK: eyJhbGciOiJIUzI1NiJ9...
2026-05-30 11:55:45,279 INFO o.a.j.e.J.Extraer token: TOKEN EXTRACTED OK: eyJhbGciOiJIUzI1NiJ9...
2026-05-30 11:55:45,295 INFO o.a.j.e.J.Extraer token: TOKEN EXTRACTED OK: eyJhbGciOiJIUzI1NiJ9...
2026-05-30 11:55:45,298 INFO o.a.j.e.J.Extraer token: TOKEN EXTRACTED OK: eyJhbGciOiJIUzI1NiJ9...
2026-05-30 11:55:45,303 INFO o.a.j.t.JMeterThread: Thread started: Usuarios Concurrentes (50) 1-34
2026-05-30 11:55:45,307 INFO o.a.j.e.J.Extraer token: TOKEN EXTRACTED OK: eyJhbGciOiJIUzI1NiJ9...
2026-05-30 11:55:45,316 INFO o.a.j.e.J.Extraer token: TOKEN EXTRACTED OK: eyJhbGciOiJIUzI1NiJ9...
2026-05-30 11:55:45,322 INFO o.a.j.t.JMeterThread: Thread is done: Usuarios Concurrentes (50) 1-26
2026-05-30 11:55:45,322 INFO o.a.j.t.JMeterThread: Thread finished: Usuarios Concurrentes (50) 1-26
2026-05-30 11:55:45,345 INFO o.a.j.e.J.Extraer token: TOKEN EXTRACTED OK: eyJhbGciOiJIUzI1NiJ9...
2026-05-30 11:55:45,379 INFO o.a.j.e.J.Extraer token: TOKEN EXTRACTED OK: eyJhbGciOiJIUzI1NiJ9...
2026-05-30 11:55:45,380 INFO o.a.j.t.JMeterThread: Thread is done: Usuarios Concurrentes (50) 1-27
2026-05-30 11:55:45,381 INFO o.a.j.t.JMeterThread: Thread finished: Usuarios Concurrentes (50) 1-27
2026-05-30 11:55:45,396 INFO o.a.j.e.J.Extraer token: TOKEN EXTRACTED OK: eyJhbGciOiJIUzI1NiJ9...
2026-05-30 11:55:45,403 INFO o.a.j.t.JMeterThread: Thread started: Usuarios Concurrentes (50) 1-35
2026-05-30 11:55:45,436 INFO o.a.j.e.J.Extraer token: TOKEN EXTRACTED OK: eyJhbGciOiJIUzI1NiJ9...
2026-05-30 11:55:45,445 INFO o.a.j.e.J.Extraer token: TOKEN EXTRACTED OK: eyJhbGciOiJIUzI1NiJ9...
2026-05-30 11:55:45,463 INFO o.a.j.e.J.Extraer token: TOKEN EXTRACTED OK: eyJhbGciOiJIUzI1NiJ9...
2026-05-30 11:55:45,467 INFO o.a.j.e.J.Extraer token: TOKEN EXTRACTED OK: eyJhbGciOiJIUzI1NiJ9...
2026-05-30 11:55:45,478 INFO o.a.j.e.J.Extraer token: TOKEN EXTRACTED OK: eyJhbGciOiJIUzI1NiJ9...
2026-05-30 11:55:45,497 INFO o.a.j.e.J.Extraer token: TOKEN EXTRACTED OK: eyJhbGciOiJIUzI1NiJ9...
2026-05-30 11:55:45,503 INFO o.a.j.t.JMeterThread: Thread started: Usuarios Concurrentes (50) 1-36
2026-05-30 11:55:45,528 INFO o.a.j.t.JMeterThread: Thread is done: Usuarios Concurrentes (50) 1-28
2026-05-30 11:55:45,528 INFO o.a.j.t.JMeterThread: Thread finished: Usuarios Concurrentes (50) 1-28
2026-05-30 11:55:45,532 INFO o.a.j.e.J.Extraer token: TOKEN EXTRACTED OK: eyJhbGciOiJIUzI1NiJ9...
2026-05-30 11:55:45,541 INFO o.a.j.e.J.Extraer token: TOKEN EXTRACTED OK: eyJhbGciOiJIUzI1NiJ9...
2026-05-30 11:55:45,553 INFO o.a.j.t.JMeterThread: Thread is done: Usuarios Concurrentes (50) 1-29
2026-05-30 11:55:45,554 INFO o.a.j.t.JMeterThread: Thread finished: Usuarios Concurrentes (50) 1-29
2026-05-30 11:55:45,583 INFO o.a.j.e.J.Extraer token: TOKEN EXTRACTED OK: eyJhbGciOiJIUzI1NiJ9...
2026-05-30 11:55:45,590 INFO o.a.j.e.J.Extraer token: TOKEN EXTRACTED OK: eyJhbGciOiJIUzI1NiJ9...
2026-05-30 11:55:45,603 INFO o.a.j.t.JMeterThread: Thread started: Usuarios Concurrentes (50) 1-37
2026-05-30 11:55:45,619 INFO o.a.j.e.J.Extraer token: TOKEN EXTRACTED OK: eyJhbGciOiJIUzI1NiJ9...
2026-05-30 11:55:45,623 INFO o.a.j.e.J.Extraer token: TOKEN EXTRACTED OK: eyJhbGciOiJIUzI1NiJ9...
2026-05-30 11:55:45,637 INFO o.a.j.e.J.Extraer token: TOKEN EXTRACTED OK: eyJhbGciOiJIUzI1NiJ9...
2026-05-30 11:55:45,656 INFO o.a.j.e.J.Extraer token: TOKEN EXTRACTED OK: eyJhbGciOiJIUzI1NiJ9...
2026-05-30 11:55:45,678 INFO o.a.j.e.J.Extraer token: TOKEN EXTRACTED OK: eyJhbGciOiJIUzI1NiJ9...
2026-05-30 11:55:45,693 INFO o.a.j.t.JMeterThread: Thread is done: Usuarios Concurrentes (50) 1-30
2026-05-30 11:55:45,693 INFO o.a.j.t.JMeterThread: Thread finished: Usuarios Concurrentes (50) 1-30
2026-05-30 11:55:45,695 INFO o.a.j.e.J.Extraer token: TOKEN EXTRACTED OK: eyJhbGciOiJIUzI1NiJ9...
2026-05-30 11:55:45,704 INFO o.a.j.t.JMeterThread: Thread started: Usuarios Concurrentes (50) 1-38
2026-05-30 11:55:45,721 INFO o.a.j.e.J.Extraer token: TOKEN EXTRACTED OK: eyJhbGciOiJIUzI1NiJ9...
2026-05-30 11:55:45,749 INFO o.a.j.e.J.Extraer token: TOKEN EXTRACTED OK: eyJhbGciOiJIUzI1NiJ9...
2026-05-30 11:55:45,761 INFO o.a.j.e.J.Extraer token: TOKEN EXTRACTED OK: eyJhbGciOiJIUzI1NiJ9...
2026-05-30 11:55:45,770 INFO o.a.j.t.JMeterThread: Thread is done: Usuarios Concurrentes (50) 1-31
2026-05-30 11:55:45,770 INFO o.a.j.t.JMeterThread: Thread finished: Usuarios Concurrentes (50) 1-31
2026-05-30 11:55:45,779 INFO o.a.j.e.J.Extraer token: TOKEN EXTRACTED OK: eyJhbGciOiJIUzI1NiJ9...
2026-05-30 11:55:45,781 INFO o.a.j.e.J.Extraer token: TOKEN EXTRACTED OK: eyJhbGciOiJIUzI1NiJ9...
2026-05-30 11:55:45,803 INFO o.a.j.t.JMeterThread: Thread started: Usuarios Concurrentes (50) 1-39
2026-05-30 11:55:45,810 INFO o.a.j.e.J.Extraer token: TOKEN EXTRACTED OK: eyJhbGciOiJIUzI1NiJ9...
2026-05-30 11:55:45,830 INFO o.a.j.e.J.Extraer token: TOKEN EXTRACTED OK: eyJhbGciOiJIUzI1NiJ9...
2026-05-30 11:55:45,869 INFO o.a.j.e.J.Extraer token: TOKEN EXTRACTED OK: eyJhbGciOiJIUzI1NiJ9...
2026-05-30 11:55:45,880 INFO o.a.j.t.JMeterThread: Thread is done: Usuarios Concurrentes (50) 1-32
2026-05-30 11:55:45,880 INFO o.a.j.t.JMeterThread: Thread finished: Usuarios Concurrentes (50) 1-32
2026-05-30 11:55:45,883 INFO o.a.j.e.J.Extraer token: TOKEN EXTRACTED OK: eyJhbGciOiJIUzI1NiJ9...
2026-05-30 11:55:45,892 INFO o.a.j.e.J.Extraer token: TOKEN EXTRACTED OK: eyJhbGciOiJIUzI1NiJ9...
2026-05-30 11:55:45,903 INFO o.a.j.t.JMeterThread: Thread started: Usuarios Concurrentes (50) 1-40
2026-05-30 11:55:45,915 INFO o.a.j.e.J.Extraer token: TOKEN EXTRACTED OK: eyJhbGciOiJIUzI1NiJ9...
2026-05-30 11:55:45,926 INFO o.a.j.e.J.Extraer token: TOKEN EXTRACTED OK: eyJhbGciOiJIUzI1NiJ9...
2026-05-30 11:55:45,929 INFO o.a.j.e.J.Extraer token: TOKEN EXTRACTED OK: eyJhbGciOiJIUzI1NiJ9...
2026-05-30 11:55:45,943 INFO o.a.j.e.J.Extraer token: TOKEN EXTRACTED OK: eyJhbGciOiJIUzI1NiJ9...
2026-05-30 11:55:45,982 INFO o.a.j.e.J.Extraer token: TOKEN EXTRACTED OK: eyJhbGciOiJIUzI1NiJ9...
2026-05-30 11:55:46,000 INFO o.a.j.t.JMeterThread: Thread is done: Usuarios Concurrentes (50) 1-33
2026-05-30 11:55:46,000 INFO o.a.j.t.JMeterThread: Thread finished: Usuarios Concurrentes (50) 1-33
2026-05-30 11:55:46,004 INFO o.a.j.t.JMeterThread: Thread started: Usuarios Concurrentes (50) 1-41
2026-05-30 11:55:46,015 INFO o.a.j.e.J.Extraer token: TOKEN EXTRACTED OK: eyJhbGciOiJIUzI1NiJ9...
2026-05-30 11:55:46,019 INFO o.a.j.t.JMeterThread: Thread is done: Usuarios Concurrentes (50) 1-34
2026-05-30 11:55:46,019 INFO o.a.j.t.JMeterThread: Thread finished: Usuarios Concurrentes (50) 1-34
2026-05-30 11:55:46,029 INFO o.a.j.e.J.Extraer token: TOKEN EXTRACTED OK: eyJhbGciOiJIUzI1NiJ9...
2026-05-30 11:55:46,039 INFO o.a.j.e.J.Extraer token: TOKEN EXTRACTED OK: eyJhbGciOiJIUzI1NiJ9...
2026-05-30 11:55:46,071 INFO o.a.j.e.J.Extraer token: TOKEN EXTRACTED OK: eyJhbGciOiJIUzI1NiJ9...
2026-05-30 11:55:46,079 INFO o.a.j.e.J.Extraer token: TOKEN EXTRACTED OK: eyJhbGciOiJIUzI1NiJ9...
2026-05-30 11:55:46,081 INFO o.a.j.e.J.Extraer token: TOKEN EXTRACTED OK: eyJhbGciOiJIUzI1NiJ9...
2026-05-30 11:55:46,099 INFO o.a.j.t.JMeterThread: Thread is done: Usuarios Concurrentes (50) 1-35
2026-05-30 11:55:46,099 INFO o.a.j.t.JMeterThread: Thread finished: Usuarios Concurrentes (50) 1-35
2026-05-30 11:55:46,104 INFO o.a.j.t.JMeterThread: Thread started: Usuarios Concurrentes (50) 1-42
2026-05-30 11:55:46,134 INFO o.a.j.e.J.Extraer token: TOKEN EXTRACTED OK: eyJhbGciOiJIUzI1NiJ9...
2026-05-30 11:55:46,189 INFO o.a.j.e.J.Extraer token: TOKEN EXTRACTED OK: eyJhbGciOiJIUzI1NiJ9...
2026-05-30 11:55:46,194 INFO o.a.j.e.J.Extraer token: TOKEN EXTRACTED OK: eyJhbGciOiJIUzI1NiJ9...
2026-05-30 11:55:46,196 INFO o.a.j.e.J.Extraer token: TOKEN EXTRACTED OK: eyJhbGciOiJIUzI1NiJ9...
2026-05-30 11:55:46,203 INFO o.a.j.t.JMeterThread: Thread started: Usuarios Concurrentes (50) 1-43
2026-05-30 11:55:46,231 INFO o.a.j.e.J.Extraer token: TOKEN EXTRACTED OK: eyJhbGciOiJIUzI1NiJ9...
2026-05-30 11:55:46,239 INFO o.a.j.e.J.Extraer token: TOKEN EXTRACTED OK: eyJhbGciOiJIUzI1NiJ9...
2026-05-30 11:55:46,246 INFO o.a.j.e.J.Extraer token: TOKEN EXTRACTED OK: eyJhbGciOiJIUzI1NiJ9...
2026-05-30 11:55:46,268 INFO o.a.j.t.JMeterThread: Thread is done: Usuarios Concurrentes (50) 1-36
2026-05-30 11:55:46,268 INFO o.a.j.t.JMeterThread: Thread finished: Usuarios Concurrentes (50) 1-36
2026-05-30 11:55:46,272 INFO o.a.j.e.J.Extraer token: TOKEN EXTRACTED OK: eyJhbGciOiJIUzI1NiJ9...
2026-05-30 11:55:46,278 INFO o.a.j.e.J.Extraer token: TOKEN EXTRACTED OK: eyJhbGciOiJIUzI1NiJ9...
2026-05-30 11:55:46,303 INFO o.a.j.t.JMeterThread: Thread started: Usuarios Concurrentes (50) 1-44
2026-05-30 11:55:46,309 INFO o.a.j.t.JMeterThread: Thread is done: Usuarios Concurrentes (50) 1-37
2026-05-30 11:55:46,309 INFO o.a.j.t.JMeterThread: Thread finished: Usuarios Concurrentes (50) 1-37
2026-05-30 11:55:46,336 INFO o.a.j.e.J.Extraer token: TOKEN EXTRACTED OK: eyJhbGciOiJIUzI1NiJ9...
2026-05-30 11:55:46,350 INFO o.a.j.e.J.Extraer token: TOKEN EXTRACTED OK: eyJhbGciOiJIUzI1NiJ9...
2026-05-30 11:55:46,353 INFO o.a.j.e.J.Extraer token: TOKEN EXTRACTED OK: eyJhbGciOiJIUzI1NiJ9...
2026-05-30 11:55:46,380 INFO o.a.j.e.J.Extraer token: TOKEN EXTRACTED OK: eyJhbGciOiJIUzI1NiJ9...
2026-05-30 11:55:46,387 INFO o.a.j.e.J.Extraer token: TOKEN EXTRACTED OK: eyJhbGciOiJIUzI1NiJ9...
2026-05-30 11:55:46,403 INFO o.a.j.t.JMeterThread: Thread started: Usuarios Concurrentes (50) 1-45
2026-05-30 11:55:46,425 INFO o.a.j.e.J.Extraer token: TOKEN EXTRACTED OK: eyJhbGciOiJIUzI1NiJ9...
2026-05-30 11:55:46,426 INFO o.a.j.e.J.Extraer token: TOKEN EXTRACTED OK: eyJhbGciOiJIUzI1NiJ9...
2026-05-30 11:55:46,463 INFO o.a.j.t.JMeterThread: Thread is done: Usuarios Concurrentes (50) 1-38
2026-05-30 11:55:46,463 INFO o.a.j.t.JMeterThread: Thread finished: Usuarios Concurrentes (50) 1-38
2026-05-30 11:55:46,478 INFO o.a.j.e.J.Extraer token: TOKEN EXTRACTED OK: eyJhbGciOiJIUzI1NiJ9...
2026-05-30 11:55:46,483 INFO o.a.j.e.J.Extraer token: TOKEN EXTRACTED OK: eyJhbGciOiJIUzI1NiJ9...
2026-05-30 11:55:46,497 INFO o.a.j.e.J.Extraer token: TOKEN EXTRACTED OK: eyJhbGciOiJIUzI1NiJ9...
2026-05-30 11:55:46,501 INFO o.a.j.e.J.Extraer token: TOKEN EXTRACTED OK: eyJhbGciOiJIUzI1NiJ9...
2026-05-30 11:55:46,504 INFO o.a.j.t.JMeterThread: Thread started: Usuarios Concurrentes (50) 1-46
2026-05-30 11:55:46,540 INFO o.a.j.e.J.Extraer token: TOKEN EXTRACTED OK: eyJhbGciOiJIUzI1NiJ9...
2026-05-30 11:55:46,579 INFO o.a.j.t.JMeterThread: Thread is done: Usuarios Concurrentes (50) 1-39
2026-05-30 11:55:46,579 INFO o.a.j.t.JMeterThread: Thread finished: Usuarios Concurrentes (50) 1-39
2026-05-30 11:55:46,580 INFO o.a.j.e.J.Extraer token: TOKEN EXTRACTED OK: eyJhbGciOiJIUzI1NiJ9...
2026-05-30 11:55:46,588 INFO o.a.j.e.J.Extraer token: TOKEN EXTRACTED OK: eyJhbGciOiJIUzI1NiJ9...
2026-05-30 11:55:46,591 INFO o.a.j.e.J.Extraer token: TOKEN EXTRACTED OK: eyJhbGciOiJIUzI1NiJ9...
2026-05-30 11:55:46,603 INFO o.a.j.t.JMeterThread: Thread started: Usuarios Concurrentes (50) 1-47
2026-05-30 11:55:46,639 INFO o.a.j.e.J.Extraer token: TOKEN EXTRACTED OK: eyJhbGciOiJIUzI1NiJ9...
2026-05-30 11:55:46,652 INFO o.a.j.e.J.Extraer token: TOKEN EXTRACTED OK: eyJhbGciOiJIUzI1NiJ9...
2026-05-30 11:55:46,658 INFO o.a.j.t.JMeterThread: Thread is done: Usuarios Concurrentes (50) 1-40
2026-05-30 11:55:46,658 INFO o.a.j.t.JMeterThread: Thread finished: Usuarios Concurrentes (50) 1-40
2026-05-30 11:55:46,668 INFO o.a.j.e.J.Extraer token: TOKEN EXTRACTED OK: eyJhbGciOiJIUzI1NiJ9...
2026-05-30 11:55:46,683 INFO o.a.j.e.J.Extraer token: TOKEN EXTRACTED OK: eyJhbGciOiJIUzI1NiJ9...
2026-05-30 11:55:46,697 INFO o.a.j.e.J.Extraer token: TOKEN EXTRACTED OK: eyJhbGciOiJIUzI1NiJ9...
2026-05-30 11:55:46,703 INFO o.a.j.t.JMeterThread: Thread started: Usuarios Concurrentes (50) 1-48
2026-05-30 11:55:46,733 INFO o.a.j.t.JMeterThread: Thread is done: Usuarios Concurrentes (50) 1-41
2026-05-30 11:55:46,734 INFO o.a.j.t.JMeterThread: Thread finished: Usuarios Concurrentes (50) 1-41
2026-05-30 11:55:46,743 INFO o.a.j.e.J.Extraer token: TOKEN EXTRACTED OK: eyJhbGciOiJIUzI1NiJ9...
2026-05-30 11:55:46,746 INFO o.a.j.e.J.Extraer token: TOKEN EXTRACTED OK: eyJhbGciOiJIUzI1NiJ9...
2026-05-30 11:55:46,778 INFO o.a.j.e.J.Extraer token: TOKEN EXTRACTED OK: eyJhbGciOiJIUzI1NiJ9...
2026-05-30 11:55:46,787 INFO o.a.j.e.J.Extraer token: TOKEN EXTRACTED OK: eyJhbGciOiJIUzI1NiJ9...
2026-05-30 11:55:46,798 INFO o.a.j.e.J.Extraer token: TOKEN EXTRACTED OK: eyJhbGciOiJIUzI1NiJ9...
2026-05-30 11:55:46,804 INFO o.a.j.t.JMeterThread: Thread started: Usuarios Concurrentes (50) 1-49
2026-05-30 11:55:46,823 INFO o.a.j.e.J.Extraer token: TOKEN EXTRACTED OK: eyJhbGciOiJIUzI1NiJ9...
2026-05-30 11:55:46,830 INFO o.a.j.e.J.Extraer token: TOKEN EXTRACTED OK: eyJhbGciOiJIUzI1NiJ9...
2026-05-30 11:55:46,878 INFO o.a.j.e.J.Extraer token: TOKEN EXTRACTED OK: eyJhbGciOiJIUzI1NiJ9...
2026-05-30 11:55:46,886 INFO o.a.j.e.J.Extraer token: TOKEN EXTRACTED OK: eyJhbGciOiJIUzI1NiJ9...
2026-05-30 11:55:46,890 INFO o.a.j.e.J.Extraer token: TOKEN EXTRACTED OK: eyJhbGciOiJIUzI1NiJ9...
2026-05-30 11:55:46,892 INFO o.a.j.t.JMeterThread: Thread is done: Usuarios Concurrentes (50) 1-42
2026-05-30 11:55:46,892 INFO o.a.j.t.JMeterThread: Thread finished: Usuarios Concurrentes (50) 1-42
2026-05-30 11:55:46,904 INFO o.a.j.t.JMeterThread: Thread started: Usuarios Concurrentes (50) 1-50
2026-05-30 11:55:46,937 INFO o.a.j.e.J.Extraer token: TOKEN EXTRACTED OK: eyJhbGciOiJIUzI1NiJ9...
2026-05-30 11:55:46,942 INFO o.a.j.e.J.Extraer token: TOKEN EXTRACTED OK: eyJhbGciOiJIUzI1NiJ9...
2026-05-30 11:55:46,946 INFO o.a.j.e.J.Extraer token: TOKEN EXTRACTED OK: eyJhbGciOiJIUzI1NiJ9...
2026-05-30 11:55:46,960 INFO o.a.j.t.JMeterThread: Thread is done: Usuarios Concurrentes (50) 1-43
2026-05-30 11:55:46,961 INFO o.a.j.t.JMeterThread: Thread finished: Usuarios Concurrentes (50) 1-43
2026-05-30 11:55:46,984 INFO o.a.j.e.J.Extraer token: TOKEN EXTRACTED OK: eyJhbGciOiJIUzI1NiJ9...
2026-05-30 11:55:46,986 INFO o.a.j.e.J.Extraer token: TOKEN EXTRACTED OK: eyJhbGciOiJIUzI1NiJ9...
2026-05-30 11:55:47,015 INFO o.a.j.t.JMeterThread: Thread is done: Usuarios Concurrentes (50) 1-44
2026-05-30 11:55:47,015 INFO o.a.j.t.JMeterThread: Thread finished: Usuarios Concurrentes (50) 1-44
2026-05-30 11:55:47,033 INFO o.a.j.e.J.Extraer token: TOKEN EXTRACTED OK: eyJhbGciOiJIUzI1NiJ9...
2026-05-30 11:55:47,040 INFO o.a.j.e.J.Extraer token: TOKEN EXTRACTED OK: eyJhbGciOiJIUzI1NiJ9...
2026-05-30 11:55:47,050 INFO o.a.j.t.JMeterThread: Thread is done: Usuarios Concurrentes (50) 1-45
2026-05-30 11:55:47,050 INFO o.a.j.t.JMeterThread: Thread finished: Usuarios Concurrentes (50) 1-45
2026-05-30 11:55:47,051 INFO o.a.j.e.J.Extraer token: TOKEN EXTRACTED OK: eyJhbGciOiJIUzI1NiJ9...
2026-05-30 11:55:47,091 INFO o.a.j.e.J.Extraer token: TOKEN EXTRACTED OK: eyJhbGciOiJIUzI1NiJ9...
2026-05-30 11:55:47,131 INFO o.a.j.e.J.Extraer token: TOKEN EXTRACTED OK: eyJhbGciOiJIUzI1NiJ9...
2026-05-30 11:55:47,143 INFO o.a.j.e.J.Extraer token: TOKEN EXTRACTED OK: eyJhbGciOiJIUzI1NiJ9...
2026-05-30 11:55:47,189 INFO o.a.j.e.J.Extraer token: TOKEN EXTRACTED OK: eyJhbGciOiJIUzI1NiJ9...
2026-05-30 11:55:47,191 INFO o.a.j.e.J.Extraer token: TOKEN EXTRACTED OK: eyJhbGciOiJIUzI1NiJ9...
2026-05-30 11:55:47,232 INFO o.a.j.e.J.Extraer token: TOKEN EXTRACTED OK: eyJhbGciOiJIUzI1NiJ9...
2026-05-30 11:55:47,264 INFO o.a.j.t.JMeterThread: Thread is done: Usuarios Concurrentes (50) 1-46
2026-05-30 11:55:47,264 INFO o.a.j.t.JMeterThread: Thread finished: Usuarios Concurrentes (50) 1-46
2026-05-30 11:55:47,273 INFO o.a.j.e.J.Extraer token: TOKEN EXTRACTED OK: eyJhbGciOiJIUzI1NiJ9...
2026-05-30 11:55:47,284 INFO o.a.j.e.J.Extraer token: TOKEN EXTRACTED OK: eyJhbGciOiJIUzI1NiJ9...
2026-05-30 11:55:47,328 INFO o.a.j.e.J.Extraer token: TOKEN EXTRACTED OK: eyJhbGciOiJIUzI1NiJ9...
2026-05-30 11:55:47,341 INFO o.a.j.t.JMeterThread: Thread is done: Usuarios Concurrentes (50) 1-47
2026-05-30 11:55:47,341 INFO o.a.j.t.JMeterThread: Thread finished: Usuarios Concurrentes (50) 1-47
2026-05-30 11:55:47,368 INFO o.a.j.e.J.Extraer token: TOKEN EXTRACTED OK: eyJhbGciOiJIUzI1NiJ9...
2026-05-30 11:55:47,429 INFO o.a.j.e.J.Extraer token: TOKEN EXTRACTED OK: eyJhbGciOiJIUzI1NiJ9...
2026-05-30 11:55:47,432 INFO o.a.j.t.JMeterThread: Thread is done: Usuarios Concurrentes (50) 1-48
2026-05-30 11:55:47,432 INFO o.a.j.t.JMeterThread: Thread finished: Usuarios Concurrentes (50) 1-48
2026-05-30 11:55:47,470 INFO o.a.j.e.J.Extraer token: TOKEN EXTRACTED OK: eyJhbGciOiJIUzI1NiJ9...
2026-05-30 11:55:47,535 INFO o.a.j.t.JMeterThread: Thread is done: Usuarios Concurrentes (50) 1-49
2026-05-30 11:55:47,535 INFO o.a.j.t.JMeterThread: Thread finished: Usuarios Concurrentes (50) 1-49
2026-05-30 11:55:47,566 INFO o.a.j.e.J.Extraer token: TOKEN EXTRACTED OK: eyJhbGciOiJIUzI1NiJ9...
2026-05-30 11:55:47,634 INFO o.a.j.t.JMeterThread: Thread is done: Usuarios Concurrentes (50) 1-50
2026-05-30 11:55:47,634 INFO o.a.j.t.JMeterThread: Thread finished: Usuarios Concurrentes (50) 1-50
2026-05-30 11:55:47,635 INFO o.a.j.e.StandardJMeterEngine: Starting tearDown thread groups
2026-05-30 11:55:47,635 INFO o.a.j.e.StandardJMeterEngine: Starting tearDown ThreadGroup: 1 : TearDown - Limpiar listas huerfanas
2026-05-30 11:55:47,635 INFO o.a.j.e.StandardJMeterEngine: Starting 1 threads for group TearDown - Limpiar listas huerfanas.
2026-05-30 11:55:47,635 INFO o.a.j.e.StandardJMeterEngine: Thread will continue on error
2026-05-30 11:55:47,635 INFO o.a.j.t.ThreadGroup: Starting thread group... number=1 threads=1 ramp-up=1 delayedStart=false
2026-05-30 11:55:47,635 INFO o.a.j.t.ThreadGroup: Started thread group number 1
2026-05-30 11:55:47,635 INFO o.a.j.t.JMeterThread: Thread started: TearDown - Limpiar listas huerfanas 1-1
2026-05-30 11:55:47,771 INFO o.a.j.e.J.Borrar listas huerfanas: TEARDOWN: borradas 8 listas huerfanas
2026-05-30 11:55:47,771 INFO o.a.j.t.JMeterThread: Thread is done: TearDown - Limpiar listas huerfanas 1-1
2026-05-30 11:55:47,771 INFO o.a.j.t.JMeterThread: Thread finished: TearDown - Limpiar listas huerfanas 1-1
2026-05-30 11:55:47,771 INFO o.a.j.e.StandardJMeterEngine: Notifying test listeners of end of test
2026-05-30 11:55:47,772 INFO o.a.j.g.u.JMeterMenuBar: setRunning(false, *local*)
2026-05-30 11:56:23,842 INFO o.a.j.e.StandardJMeterEngine: Running the test!
2026-05-30 11:56:23,842 INFO o.a.j.s.SampleEvent: List of sample_variables: []
2026-05-30 11:56:23,845 INFO o.a.j.g.u.JMeterMenuBar: setRunning(true, *local*)
2026-05-30 11:56:23,848 INFO o.a.j.e.StandardJMeterEngine: Starting setUp thread groups
2026-05-30 11:56:23,848 INFO o.a.j.e.StandardJMeterEngine: Starting setUp ThreadGroup: 1 : Set Up - Registrar usuario 
2026-05-30 11:56:23,848 INFO o.a.j.e.StandardJMeterEngine: Starting 1 threads for group Set Up - Registrar usuario.
2026-05-30 11:56:23,848 INFO o.a.j.e.StandardJMeterEngine: Thread will continue on error
2026-05-30 11:56:23,848 INFO o.a.j.t.ThreadGroup: Starting thread group... number=1 threads=1 ramp-up=1 delayedStart=false
2026-05-30 11:56:23,848 INFO o.a.j.t.ThreadGroup: Started thread group number 1
2026-05-30 11:56:23,848 INFO o.a.j.e.StandardJMeterEngine: Waiting for all setup thread groups to exit
2026-05-30 11:56:23,848 INFO o.a.j.t.JMeterThread: Thread started: Set Up - Registrar usuario 1-1
2026-05-30 11:56:23,918 INFO o.a.j.t.JMeterThread: Thread is done: Set Up - Registrar usuario 1-1
2026-05-30 11:56:23,918 INFO o.a.j.t.JMeterThread: Thread finished: Set Up - Registrar usuario 1-1
2026-05-30 11:56:23,919 INFO o.a.j.e.StandardJMeterEngine: All Setup Threads have ended
2026-05-30 11:56:23,952 INFO o.a.j.e.StandardJMeterEngine: Starting ThreadGroup: 1 : Usuarios Concurrentes (50)
2026-05-30 11:56:23,952 INFO o.a.j.e.StandardJMeterEngine: Starting 50 threads for group Usuarios Concurrentes (50).
2026-05-30 11:56:23,952 INFO o.a.j.e.StandardJMeterEngine: Thread will start next loop on error
2026-05-30 11:56:23,952 INFO o.a.j.t.ThreadGroup: Starting thread group... number=1 threads=50 ramp-up=5 delayedStart=false
2026-05-30 11:56:23,953 INFO o.a.j.t.JMeterThread: Thread started: Usuarios Concurrentes (50) 1-1
2026-05-30 11:56:23,960 INFO o.a.j.t.ThreadGroup: Started thread group number 1
2026-05-30 11:56:23,960 INFO o.a.j.e.StandardJMeterEngine: All thread groups have been started
2026-05-30 11:56:24,032 INFO o.a.j.e.J.Extraer token: TOKEN EXTRACTED OK: eyJhbGciOiJIUzI1NiJ9...
2026-05-30 11:56:24,052 INFO o.a.j.t.JMeterThread: Thread started: Usuarios Concurrentes (50) 1-2
2026-05-30 11:56:24,125 INFO o.a.j.e.J.Extraer token: TOKEN EXTRACTED OK: eyJhbGciOiJIUzI1NiJ9...
2026-05-30 11:56:24,152 INFO o.a.j.t.JMeterThread: Thread started: Usuarios Concurrentes (50) 1-3
2026-05-30 11:56:24,166 INFO o.a.j.e.J.Extraer token: TOKEN EXTRACTED OK: eyJhbGciOiJIUzI1NiJ9...
2026-05-30 11:56:24,225 INFO o.a.j.e.J.Extraer token: TOKEN EXTRACTED OK: eyJhbGciOiJIUzI1NiJ9...
2026-05-30 11:56:24,253 INFO o.a.j.t.JMeterThread: Thread started: Usuarios Concurrentes (50) 1-4
2026-05-30 11:56:24,271 INFO o.a.j.e.J.Extraer token: TOKEN EXTRACTED OK: eyJhbGciOiJIUzI1NiJ9...
2026-05-30 11:56:24,306 INFO o.a.j.e.J.Extraer token: TOKEN EXTRACTED OK: eyJhbGciOiJIUzI1NiJ9...
2026-05-30 11:56:24,310 INFO o.a.j.e.J.Extraer token: TOKEN EXTRACTED OK: eyJhbGciOiJIUzI1NiJ9...
2026-05-30 11:56:24,325 INFO o.a.j.e.J.Extraer token: TOKEN EXTRACTED OK: eyJhbGciOiJIUzI1NiJ9...
2026-05-30 11:56:24,353 INFO o.a.j.t.JMeterThread: Thread started: Usuarios Concurrentes (50) 1-5
2026-05-30 11:56:24,419 INFO o.a.j.e.J.Extraer token: TOKEN EXTRACTED OK: eyJhbGciOiJIUzI1NiJ9...
2026-05-30 11:56:24,426 INFO o.a.j.e.J.Extraer token: TOKEN EXTRACTED OK: eyJhbGciOiJIUzI1NiJ9...
2026-05-30 11:56:24,450 INFO o.a.j.e.J.Extraer token: TOKEN EXTRACTED OK: eyJhbGciOiJIUzI1NiJ9...
2026-05-30 11:56:24,453 INFO o.a.j.t.JMeterThread: Thread started: Usuarios Concurrentes (50) 1-6
2026-05-30 11:56:24,453 INFO o.a.j.e.J.Extraer token: TOKEN EXTRACTED OK: eyJhbGciOiJIUzI1NiJ9...
2026-05-30 11:56:24,471 INFO o.a.j.e.J.Extraer token: TOKEN EXTRACTED OK: eyJhbGciOiJIUzI1NiJ9...
2026-05-30 11:56:24,529 INFO o.a.j.e.J.Extraer token: TOKEN EXTRACTED OK: eyJhbGciOiJIUzI1NiJ9...
2026-05-30 11:56:24,553 INFO o.a.j.t.JMeterThread: Thread started: Usuarios Concurrentes (50) 1-7
2026-05-30 11:56:24,563 INFO o.a.j.e.J.Extraer token: TOKEN EXTRACTED OK: eyJhbGciOiJIUzI1NiJ9...
2026-05-30 11:56:24,579 INFO o.a.j.e.J.Extraer token: TOKEN EXTRACTED OK: eyJhbGciOiJIUzI1NiJ9...
2026-05-30 11:56:24,611 INFO o.a.j.e.J.Extraer token: TOKEN EXTRACTED OK: eyJhbGciOiJIUzI1NiJ9...
2026-05-30 11:56:24,611 INFO o.a.j.e.J.Extraer token: TOKEN EXTRACTED OK: eyJhbGciOiJIUzI1NiJ9...
2026-05-30 11:56:24,620 INFO o.a.j.e.J.Extraer token: TOKEN EXTRACTED OK: eyJhbGciOiJIUzI1NiJ9...
2026-05-30 11:56:24,627 INFO o.a.j.e.J.Extraer token: TOKEN EXTRACTED OK: eyJhbGciOiJIUzI1NiJ9...
2026-05-30 11:56:24,652 INFO o.a.j.t.JMeterThread: Thread started: Usuarios Concurrentes (50) 1-8
2026-05-30 11:56:24,671 INFO o.a.j.e.J.Extraer token: TOKEN EXTRACTED OK: eyJhbGciOiJIUzI1NiJ9...
2026-05-30 11:56:24,692 INFO o.a.j.t.JMeterThread: Thread is done: Usuarios Concurrentes (50) 1-1
2026-05-30 11:56:24,692 INFO o.a.j.t.JMeterThread: Thread finished: Usuarios Concurrentes (50) 1-1
2026-05-30 11:56:24,720 INFO o.a.j.e.J.Extraer token: TOKEN EXTRACTED OK: eyJhbGciOiJIUzI1NiJ9...
2026-05-30 11:56:24,741 INFO o.a.j.e.J.Extraer token: TOKEN EXTRACTED OK: eyJhbGciOiJIUzI1NiJ9...
2026-05-30 11:56:24,741 INFO o.a.j.e.J.Extraer token: TOKEN EXTRACTED OK: eyJhbGciOiJIUzI1NiJ9...
2026-05-30 11:56:24,752 INFO o.a.j.t.JMeterThread: Thread started: Usuarios Concurrentes (50) 1-9
2026-05-30 11:56:24,756 INFO o.a.j.e.J.Extraer token: TOKEN EXTRACTED OK: eyJhbGciOiJIUzI1NiJ9...
2026-05-30 11:56:24,782 INFO o.a.j.e.J.Extraer token: TOKEN EXTRACTED OK: eyJhbGciOiJIUzI1NiJ9...
2026-05-30 11:56:24,796 INFO o.a.j.e.J.Extraer token: TOKEN EXTRACTED OK: eyJhbGciOiJIUzI1NiJ9...
2026-05-30 11:56:24,805 INFO o.a.j.t.JMeterThread: Thread is done: Usuarios Concurrentes (50) 1-2
2026-05-30 11:56:24,805 INFO o.a.j.t.JMeterThread: Thread finished: Usuarios Concurrentes (50) 1-2
2026-05-30 11:56:24,818 INFO o.a.j.e.J.Extraer token: TOKEN EXTRACTED OK: eyJhbGciOiJIUzI1NiJ9...
2026-05-30 11:56:24,835 INFO o.a.j.e.J.Extraer token: TOKEN EXTRACTED OK: eyJhbGciOiJIUzI1NiJ9...
2026-05-30 11:56:24,853 INFO o.a.j.t.JMeterThread: Thread started: Usuarios Concurrentes (50) 1-10
2026-05-30 11:56:24,858 INFO o.a.j.t.JMeterThread: Thread is done: Usuarios Concurrentes (50) 1-3
2026-05-30 11:56:24,858 INFO o.a.j.t.JMeterThread: Thread finished: Usuarios Concurrentes (50) 1-3
2026-05-30 11:56:24,876 INFO o.a.j.e.J.Extraer token: TOKEN EXTRACTED OK: eyJhbGciOiJIUzI1NiJ9...
2026-05-30 11:56:24,888 INFO o.a.j.e.J.Extraer token: TOKEN EXTRACTED OK: eyJhbGciOiJIUzI1NiJ9...
2026-05-30 11:56:24,907 INFO o.a.j.e.J.Extraer token: TOKEN EXTRACTED OK: eyJhbGciOiJIUzI1NiJ9...
2026-05-30 11:56:24,927 INFO o.a.j.e.J.Extraer token: TOKEN EXTRACTED OK: eyJhbGciOiJIUzI1NiJ9...
2026-05-30 11:56:24,945 INFO o.a.j.e.J.Extraer token: TOKEN EXTRACTED OK: eyJhbGciOiJIUzI1NiJ9...
2026-05-30 11:56:24,953 INFO o.a.j.t.JMeterThread: Thread started: Usuarios Concurrentes (50) 1-11
2026-05-30 11:56:24,965 INFO o.a.j.e.J.Extraer token: TOKEN EXTRACTED OK: eyJhbGciOiJIUzI1NiJ9...
2026-05-30 11:56:24,978 INFO o.a.j.t.JMeterThread: Thread is done: Usuarios Concurrentes (50) 1-4
2026-05-30 11:56:24,978 INFO o.a.j.t.JMeterThread: Thread finished: Usuarios Concurrentes (50) 1-4
2026-05-30 11:56:24,980 INFO o.a.j.e.J.Extraer token: TOKEN EXTRACTED OK: eyJhbGciOiJIUzI1NiJ9...
2026-05-30 11:56:25,015 INFO o.a.j.e.J.Extraer token: TOKEN EXTRACTED OK: eyJhbGciOiJIUzI1NiJ9...
2026-05-30 11:56:25,028 INFO o.a.j.e.J.Extraer token: TOKEN EXTRACTED OK: eyJhbGciOiJIUzI1NiJ9...
2026-05-30 11:56:25,050 INFO o.a.j.e.J.Extraer token: TOKEN EXTRACTED OK: eyJhbGciOiJIUzI1NiJ9...
2026-05-30 11:56:25,053 INFO o.a.j.t.JMeterThread: Thread started: Usuarios Concurrentes (50) 1-12
2026-05-30 11:56:25,084 INFO o.a.j.e.J.Extraer token: TOKEN EXTRACTED OK: eyJhbGciOiJIUzI1NiJ9...
2026-05-30 11:56:25,093 INFO o.a.j.e.J.Extraer token: TOKEN EXTRACTED OK: eyJhbGciOiJIUzI1NiJ9...
2026-05-30 11:56:25,100 INFO o.a.j.t.JMeterThread: Thread is done: Usuarios Concurrentes (50) 1-5
2026-05-30 11:56:25,101 INFO o.a.j.t.JMeterThread: Thread finished: Usuarios Concurrentes (50) 1-5
2026-05-30 11:56:25,110 INFO o.a.j.e.J.Extraer token: TOKEN EXTRACTED OK: eyJhbGciOiJIUzI1NiJ9...
2026-05-30 11:56:25,130 INFO o.a.j.e.J.Extraer token: TOKEN EXTRACTED OK: eyJhbGciOiJIUzI1NiJ9...
2026-05-30 11:56:25,132 INFO o.a.j.e.J.Extraer token: TOKEN EXTRACTED OK: eyJhbGciOiJIUzI1NiJ9...
2026-05-30 11:56:25,152 INFO o.a.j.t.JMeterThread: Thread started: Usuarios Concurrentes (50) 1-13
2026-05-30 11:56:25,187 INFO o.a.j.t.JMeterThread: Thread is done: Usuarios Concurrentes (50) 1-6
2026-05-30 11:56:25,187 INFO o.a.j.t.JMeterThread: Thread finished: Usuarios Concurrentes (50) 1-6
2026-05-30 11:56:25,188 INFO o.a.j.e.J.Extraer token: TOKEN EXTRACTED OK: eyJhbGciOiJIUzI1NiJ9...
2026-05-30 11:56:25,217 INFO o.a.j.e.J.Extraer token: TOKEN EXTRACTED OK: eyJhbGciOiJIUzI1NiJ9...
2026-05-30 11:56:25,228 INFO o.a.j.e.J.Extraer token: TOKEN EXTRACTED OK: eyJhbGciOiJIUzI1NiJ9...
2026-05-30 11:56:25,229 INFO o.a.j.e.J.Extraer token: TOKEN EXTRACTED OK: eyJhbGciOiJIUzI1NiJ9...
2026-05-30 11:56:25,252 INFO o.a.j.t.JMeterThread: Thread started: Usuarios Concurrentes (50) 1-14
2026-05-30 11:56:25,253 INFO o.a.j.e.J.Extraer token: TOKEN EXTRACTED OK: eyJhbGciOiJIUzI1NiJ9...
2026-05-30 11:56:25,291 INFO o.a.j.e.J.Extraer token: TOKEN EXTRACTED OK: eyJhbGciOiJIUzI1NiJ9...
2026-05-30 11:56:25,295 INFO o.a.j.e.J.Extraer token: TOKEN EXTRACTED OK: eyJhbGciOiJIUzI1NiJ9...
2026-05-30 11:56:25,329 INFO o.a.j.e.J.Extraer token: TOKEN EXTRACTED OK: eyJhbGciOiJIUzI1NiJ9...
2026-05-30 11:56:25,332 INFO o.a.j.t.JMeterThread: Thread is done: Usuarios Concurrentes (50) 1-7
2026-05-30 11:56:25,332 INFO o.a.j.t.JMeterThread: Thread finished: Usuarios Concurrentes (50) 1-7
2026-05-30 11:56:25,342 INFO o.a.j.e.J.Extraer token: TOKEN EXTRACTED OK: eyJhbGciOiJIUzI1NiJ9...
2026-05-30 11:56:25,353 INFO o.a.j.t.JMeterThread: Thread started: Usuarios Concurrentes (50) 1-15
2026-05-30 11:56:25,365 INFO o.a.j.e.J.Extraer token: TOKEN EXTRACTED OK: eyJhbGciOiJIUzI1NiJ9...
2026-05-30 11:56:25,374 INFO o.a.j.e.J.Extraer token: TOKEN EXTRACTED OK: eyJhbGciOiJIUzI1NiJ9...
2026-05-30 11:56:25,394 INFO o.a.j.e.J.Extraer token: TOKEN EXTRACTED OK: eyJhbGciOiJIUzI1NiJ9...
2026-05-30 11:56:25,434 INFO o.a.j.e.J.Extraer token: TOKEN EXTRACTED OK: eyJhbGciOiJIUzI1NiJ9...
2026-05-30 11:56:25,440 INFO o.a.j.t.JMeterThread: Thread is done: Usuarios Concurrentes (50) 1-8
2026-05-30 11:56:25,440 INFO o.a.j.t.JMeterThread: Thread finished: Usuarios Concurrentes (50) 1-8
2026-05-30 11:56:25,441 INFO o.a.j.e.J.Extraer token: TOKEN EXTRACTED OK: eyJhbGciOiJIUzI1NiJ9...
2026-05-30 11:56:25,449 INFO o.a.j.e.J.Extraer token: TOKEN EXTRACTED OK: eyJhbGciOiJIUzI1NiJ9...
2026-05-30 11:56:25,453 INFO o.a.j.t.JMeterThread: Thread started: Usuarios Concurrentes (50) 1-16
2026-05-30 11:56:25,479 INFO o.a.j.e.J.Extraer token: TOKEN EXTRACTED OK: eyJhbGciOiJIUzI1NiJ9...
2026-05-30 11:56:25,497 INFO o.a.j.e.J.Extraer token: TOKEN EXTRACTED OK: eyJhbGciOiJIUzI1NiJ9...
2026-05-30 11:56:25,508 INFO o.a.j.t.JMeterThread: Thread is done: Usuarios Concurrentes (50) 1-9
2026-05-30 11:56:25,508 INFO o.a.j.t.JMeterThread: Thread finished: Usuarios Concurrentes (50) 1-9
2026-05-30 11:56:25,526 INFO o.a.j.e.J.Extraer token: TOKEN EXTRACTED OK: eyJhbGciOiJIUzI1NiJ9...
2026-05-30 11:56:25,527 INFO o.a.j.e.J.Extraer token: TOKEN EXTRACTED OK: eyJhbGciOiJIUzI1NiJ9...
2026-05-30 11:56:25,548 INFO o.a.j.e.J.Extraer token: TOKEN EXTRACTED OK: eyJhbGciOiJIUzI1NiJ9...
2026-05-30 11:56:25,553 INFO o.a.j.t.JMeterThread: Thread started: Usuarios Concurrentes (50) 1-17
2026-05-30 11:56:25,593 INFO o.a.j.e.J.Extraer token: TOKEN EXTRACTED OK: eyJhbGciOiJIUzI1NiJ9...
2026-05-30 11:56:25,607 INFO o.a.j.t.JMeterThread: Thread is done: Usuarios Concurrentes (50) 1-10
2026-05-30 11:56:25,607 INFO o.a.j.t.JMeterThread: Thread finished: Usuarios Concurrentes (50) 1-10
2026-05-30 11:56:25,607 INFO o.a.j.e.J.Extraer token: TOKEN EXTRACTED OK: eyJhbGciOiJIUzI1NiJ9...
2026-05-30 11:56:25,631 INFO o.a.j.e.J.Extraer token: TOKEN EXTRACTED OK: eyJhbGciOiJIUzI1NiJ9...
2026-05-30 11:56:25,641 INFO o.a.j.e.J.Extraer token: TOKEN EXTRACTED OK: eyJhbGciOiJIUzI1NiJ9...
2026-05-30 11:56:25,652 INFO o.a.j.t.JMeterThread: Thread started: Usuarios Concurrentes (50) 1-18
2026-05-30 11:56:25,660 INFO o.a.j.e.J.Extraer token: TOKEN EXTRACTED OK: eyJhbGciOiJIUzI1NiJ9...
2026-05-30 11:56:25,668 INFO o.a.j.t.JMeterThread: Thread is done: Usuarios Concurrentes (50) 1-11
2026-05-30 11:56:25,668 INFO o.a.j.t.JMeterThread: Thread finished: Usuarios Concurrentes (50) 1-11
2026-05-30 11:56:25,700 INFO o.a.j.e.J.Extraer token: TOKEN EXTRACTED OK: eyJhbGciOiJIUzI1NiJ9...
2026-05-30 11:56:25,705 INFO o.a.j.e.J.Extraer token: TOKEN EXTRACTED OK: eyJhbGciOiJIUzI1NiJ9...
2026-05-30 11:56:25,727 INFO o.a.j.e.J.Extraer token: TOKEN EXTRACTED OK: eyJhbGciOiJIUzI1NiJ9...
2026-05-30 11:56:25,748 INFO o.a.j.e.J.Extraer token: TOKEN EXTRACTED OK: eyJhbGciOiJIUzI1NiJ9...
2026-05-30 11:56:25,750 INFO o.a.j.e.J.Extraer token: TOKEN EXTRACTED OK: eyJhbGciOiJIUzI1NiJ9...
2026-05-30 11:56:25,752 INFO o.a.j.t.JMeterThread: Thread started: Usuarios Concurrentes (50) 1-19
2026-05-30 11:56:25,777 INFO o.a.j.e.J.Extraer token: TOKEN EXTRACTED OK: eyJhbGciOiJIUzI1NiJ9...
2026-05-30 11:56:25,795 INFO o.a.j.e.J.Extraer token: TOKEN EXTRACTED OK: eyJhbGciOiJIUzI1NiJ9...
2026-05-30 11:56:25,823 INFO o.a.j.t.JMeterThread: Thread is done: Usuarios Concurrentes (50) 1-12
2026-05-30 11:56:25,823 INFO o.a.j.t.JMeterThread: Thread finished: Usuarios Concurrentes (50) 1-12
2026-05-30 11:56:25,834 INFO o.a.j.e.J.Extraer token: TOKEN EXTRACTED OK: eyJhbGciOiJIUzI1NiJ9...
2026-05-30 11:56:25,852 INFO o.a.j.t.JMeterThread: Thread started: Usuarios Concurrentes (50) 1-20
2026-05-30 11:56:25,855 INFO o.a.j.e.J.Extraer token: TOKEN EXTRACTED OK: eyJhbGciOiJIUzI1NiJ9...
2026-05-30 11:56:25,861 INFO o.a.j.e.J.Extraer token: TOKEN EXTRACTED OK: eyJhbGciOiJIUzI1NiJ9...
2026-05-30 11:56:25,881 INFO o.a.j.e.J.Extraer token: TOKEN EXTRACTED OK: eyJhbGciOiJIUzI1NiJ9...
2026-05-30 11:56:25,910 INFO o.a.j.e.J.Extraer token: TOKEN EXTRACTED OK: eyJhbGciOiJIUzI1NiJ9...
2026-05-30 11:56:25,929 INFO o.a.j.e.J.Extraer token: TOKEN EXTRACTED OK: eyJhbGciOiJIUzI1NiJ9...
2026-05-30 11:56:25,932 INFO o.a.j.e.J.Extraer token: TOKEN EXTRACTED OK: eyJhbGciOiJIUzI1NiJ9...
2026-05-30 11:56:25,944 INFO o.a.j.e.J.Extraer token: TOKEN EXTRACTED OK: eyJhbGciOiJIUzI1NiJ9...
2026-05-30 11:56:25,948 INFO o.a.j.t.JMeterThread: Thread is done: Usuarios Concurrentes (50) 1-13
2026-05-30 11:56:25,948 INFO o.a.j.t.JMeterThread: Thread finished: Usuarios Concurrentes (50) 1-13
2026-05-30 11:56:25,953 INFO o.a.j.t.JMeterThread: Thread started: Usuarios Concurrentes (50) 1-21
2026-05-30 11:56:25,999 INFO o.a.j.e.J.Extraer token: TOKEN EXTRACTED OK: eyJhbGciOiJIUzI1NiJ9...
2026-05-30 11:56:26,016 INFO o.a.j.e.J.Extraer token: TOKEN EXTRACTED OK: eyJhbGciOiJIUzI1NiJ9...
2026-05-30 11:56:26,022 INFO o.a.j.t.JMeterThread: Thread is done: Usuarios Concurrentes (50) 1-14
2026-05-30 11:56:26,022 INFO o.a.j.t.JMeterThread: Thread finished: Usuarios Concurrentes (50) 1-14
2026-05-30 11:56:26,026 INFO o.a.j.e.J.Extraer token: TOKEN EXTRACTED OK: eyJhbGciOiJIUzI1NiJ9...
2026-05-30 11:56:26,028 INFO o.a.j.e.J.Extraer token: TOKEN EXTRACTED OK: eyJhbGciOiJIUzI1NiJ9...
2026-05-30 11:56:26,052 INFO o.a.j.e.J.Extraer token: TOKEN EXTRACTED OK: eyJhbGciOiJIUzI1NiJ9...
2026-05-30 11:56:26,053 INFO o.a.j.t.JMeterThread: Thread started: Usuarios Concurrentes (50) 1-22
2026-05-30 11:56:26,056 INFO o.a.j.e.J.Extraer token: TOKEN EXTRACTED OK: eyJhbGciOiJIUzI1NiJ9...
2026-05-30 11:56:26,082 INFO o.a.j.e.J.Extraer token: TOKEN EXTRACTED OK: eyJhbGciOiJIUzI1NiJ9...
2026-05-30 11:56:26,090 INFO o.a.j.e.J.Extraer token: TOKEN EXTRACTED OK: eyJhbGciOiJIUzI1NiJ9...
2026-05-30 11:56:26,130 INFO o.a.j.e.J.Extraer token: TOKEN EXTRACTED OK: eyJhbGciOiJIUzI1NiJ9...
2026-05-30 11:56:26,140 INFO o.a.j.t.JMeterThread: Thread is done: Usuarios Concurrentes (50) 1-15
2026-05-30 11:56:26,140 INFO o.a.j.t.JMeterThread: Thread finished: Usuarios Concurrentes (50) 1-15
2026-05-30 11:56:26,153 INFO o.a.j.t.JMeterThread: Thread started: Usuarios Concurrentes (50) 1-23
2026-05-30 11:56:26,176 INFO o.a.j.e.J.Extraer token: TOKEN EXTRACTED OK: eyJhbGciOiJIUzI1NiJ9...
2026-05-30 11:56:26,181 INFO o.a.j.e.J.Extraer token: TOKEN EXTRACTED OK: eyJhbGciOiJIUzI1NiJ9...
2026-05-30 11:56:26,197 INFO o.a.j.e.J.Extraer token: TOKEN EXTRACTED OK: eyJhbGciOiJIUzI1NiJ9...
2026-05-30 11:56:26,222 INFO o.a.j.e.J.Extraer token: TOKEN EXTRACTED OK: eyJhbGciOiJIUzI1NiJ9...
2026-05-30 11:56:26,230 INFO o.a.j.e.J.Extraer token: TOKEN EXTRACTED OK: eyJhbGciOiJIUzI1NiJ9...
2026-05-30 11:56:26,244 INFO o.a.j.e.J.Extraer token: TOKEN EXTRACTED OK: eyJhbGciOiJIUzI1NiJ9...
2026-05-30 11:56:26,252 INFO o.a.j.t.JMeterThread: Thread is done: Usuarios Concurrentes (50) 1-16
2026-05-30 11:56:26,252 INFO o.a.j.t.JMeterThread: Thread finished: Usuarios Concurrentes (50) 1-16
2026-05-30 11:56:26,253 INFO o.a.j.t.JMeterThread: Thread started: Usuarios Concurrentes (50) 1-24
2026-05-30 11:56:26,255 INFO o.a.j.e.J.Extraer token: TOKEN EXTRACTED OK: eyJhbGciOiJIUzI1NiJ9...
2026-05-30 11:56:26,293 INFO o.a.j.e.J.Extraer token: TOKEN EXTRACTED OK: eyJhbGciOiJIUzI1NiJ9...
2026-05-30 11:56:26,324 INFO o.a.j.t.JMeterThread: Thread is done: Usuarios Concurrentes (50) 1-17
2026-05-30 11:56:26,324 INFO o.a.j.t.JMeterThread: Thread finished: Usuarios Concurrentes (50) 1-17
2026-05-30 11:56:26,334 INFO o.a.j.e.J.Extraer token: TOKEN EXTRACTED OK: eyJhbGciOiJIUzI1NiJ9...
2026-05-30 11:56:26,344 INFO o.a.j.e.J.Extraer token: TOKEN EXTRACTED OK: eyJhbGciOiJIUzI1NiJ9...
2026-05-30 11:56:26,346 INFO o.a.j.e.J.Extraer token: TOKEN EXTRACTED OK: eyJhbGciOiJIUzI1NiJ9...
2026-05-30 11:56:26,352 INFO o.a.j.t.JMeterThread: Thread started: Usuarios Concurrentes (50) 1-25
2026-05-30 11:56:26,382 INFO o.a.j.e.J.Extraer token: TOKEN EXTRACTED OK: eyJhbGciOiJIUzI1NiJ9...
2026-05-30 11:56:26,382 INFO o.a.j.e.J.Extraer token: TOKEN EXTRACTED OK: eyJhbGciOiJIUzI1NiJ9...
2026-05-30 11:56:26,412 INFO o.a.j.e.J.Extraer token: TOKEN EXTRACTED OK: eyJhbGciOiJIUzI1NiJ9...
2026-05-30 11:56:26,432 INFO o.a.j.e.J.Extraer token: TOKEN EXTRACTED OK: eyJhbGciOiJIUzI1NiJ9...
2026-05-30 11:56:26,437 INFO o.a.j.e.J.Extraer token: TOKEN EXTRACTED OK: eyJhbGciOiJIUzI1NiJ9...
2026-05-30 11:56:26,452 INFO o.a.j.t.JMeterThread: Thread started: Usuarios Concurrentes (50) 1-26
2026-05-30 11:56:26,470 INFO o.a.j.t.JMeterThread: Thread is done: Usuarios Concurrentes (50) 1-18
2026-05-30 11:56:26,470 INFO o.a.j.t.JMeterThread: Thread finished: Usuarios Concurrentes (50) 1-18
2026-05-30 11:56:26,488 INFO o.a.j.t.JMeterThread: Thread is done: Usuarios Concurrentes (50) 1-19
2026-05-30 11:56:26,488 INFO o.a.j.t.JMeterThread: Thread finished: Usuarios Concurrentes (50) 1-19
2026-05-30 11:56:26,489 INFO o.a.j.e.J.Extraer token: TOKEN EXTRACTED OK: eyJhbGciOiJIUzI1NiJ9...
2026-05-30 11:56:26,491 INFO o.a.j.e.J.Extraer token: TOKEN EXTRACTED OK: eyJhbGciOiJIUzI1NiJ9...
2026-05-30 11:56:26,503 INFO o.a.j.e.J.Extraer token: TOKEN EXTRACTED OK: eyJhbGciOiJIUzI1NiJ9...
2026-05-30 11:56:26,528 INFO o.a.j.e.J.Extraer token: TOKEN EXTRACTED OK: eyJhbGciOiJIUzI1NiJ9...
2026-05-30 11:56:26,547 INFO o.a.j.e.J.Extraer token: TOKEN EXTRACTED OK: eyJhbGciOiJIUzI1NiJ9...
2026-05-30 11:56:26,552 INFO o.a.j.t.JMeterThread: Thread started: Usuarios Concurrentes (50) 1-27
2026-05-30 11:56:26,578 INFO o.a.j.t.JMeterThread: Thread is done: Usuarios Concurrentes (50) 1-20
2026-05-30 11:56:26,578 INFO o.a.j.t.JMeterThread: Thread finished: Usuarios Concurrentes (50) 1-20
2026-05-30 11:56:26,592 INFO o.a.j.e.J.Extraer token: TOKEN EXTRACTED OK: eyJhbGciOiJIUzI1NiJ9...
2026-05-30 11:56:26,616 INFO o.a.j.e.J.Extraer token: TOKEN EXTRACTED OK: eyJhbGciOiJIUzI1NiJ9...
2026-05-30 11:56:26,638 INFO o.a.j.e.J.Extraer token: TOKEN EXTRACTED OK: eyJhbGciOiJIUzI1NiJ9...
2026-05-30 11:56:26,641 INFO o.a.j.e.J.Extraer token: TOKEN EXTRACTED OK: eyJhbGciOiJIUzI1NiJ9...
2026-05-30 11:56:26,652 INFO o.a.j.e.J.Extraer token: TOKEN EXTRACTED OK: eyJhbGciOiJIUzI1NiJ9...
2026-05-30 11:56:26,652 INFO o.a.j.t.JMeterThread: Thread started: Usuarios Concurrentes (50) 1-28
2026-05-30 11:56:26,693 INFO o.a.j.e.J.Extraer token: TOKEN EXTRACTED OK: eyJhbGciOiJIUzI1NiJ9...
2026-05-30 11:56:26,695 INFO o.a.j.e.J.Extraer token: TOKEN EXTRACTED OK: eyJhbGciOiJIUzI1NiJ9...
2026-05-30 11:56:26,722 INFO o.a.j.t.JMeterThread: Thread is done: Usuarios Concurrentes (50) 1-21
2026-05-30 11:56:26,722 INFO o.a.j.t.JMeterThread: Thread finished: Usuarios Concurrentes (50) 1-21
2026-05-30 11:56:26,730 INFO o.a.j.e.J.Extraer token: TOKEN EXTRACTED OK: eyJhbGciOiJIUzI1NiJ9...
2026-05-30 11:56:26,746 INFO o.a.j.e.J.Extraer token: TOKEN EXTRACTED OK: eyJhbGciOiJIUzI1NiJ9...
2026-05-30 11:56:26,753 INFO o.a.j.t.JMeterThread: Thread started: Usuarios Concurrentes (50) 1-29
2026-05-30 11:56:26,768 INFO o.a.j.e.J.Extraer token: TOKEN EXTRACTED OK: eyJhbGciOiJIUzI1NiJ9...
2026-05-30 11:56:26,797 INFO o.a.j.e.J.Extraer token: TOKEN EXTRACTED OK: eyJhbGciOiJIUzI1NiJ9...
2026-05-30 11:56:26,817 INFO o.a.j.e.J.Extraer token: TOKEN EXTRACTED OK: eyJhbGciOiJIUzI1NiJ9...
2026-05-30 11:56:26,826 INFO o.a.j.e.J.Extraer token: TOKEN EXTRACTED OK: eyJhbGciOiJIUzI1NiJ9...
2026-05-30 11:56:26,839 INFO o.a.j.t.JMeterThread: Thread is done: Usuarios Concurrentes (50) 1-22
2026-05-30 11:56:26,839 INFO o.a.j.t.JMeterThread: Thread finished: Usuarios Concurrentes (50) 1-22
2026-05-30 11:56:26,845 INFO o.a.j.e.J.Extraer token: TOKEN EXTRACTED OK: eyJhbGciOiJIUzI1NiJ9...
2026-05-30 11:56:26,848 INFO o.a.j.e.J.Extraer token: TOKEN EXTRACTED OK: eyJhbGciOiJIUzI1NiJ9...
2026-05-30 11:56:26,852 INFO o.a.j.t.JMeterThread: Thread started: Usuarios Concurrentes (50) 1-30
2026-05-30 11:56:26,890 INFO o.a.j.e.J.Extraer token: TOKEN EXTRACTED OK: eyJhbGciOiJIUzI1NiJ9...
2026-05-30 11:56:26,906 INFO o.a.j.e.J.Extraer token: TOKEN EXTRACTED OK: eyJhbGciOiJIUzI1NiJ9...
2026-05-30 11:56:26,922 INFO o.a.j.t.JMeterThread: Thread is done: Usuarios Concurrentes (50) 1-23
2026-05-30 11:56:26,922 INFO o.a.j.t.JMeterThread: Thread finished: Usuarios Concurrentes (50) 1-23
2026-05-30 11:56:26,928 INFO o.a.j.e.J.Extraer token: TOKEN EXTRACTED OK: eyJhbGciOiJIUzI1NiJ9...
2026-05-30 11:56:26,943 INFO o.a.j.e.J.Extraer token: TOKEN EXTRACTED OK: eyJhbGciOiJIUzI1NiJ9...
2026-05-30 11:56:26,953 INFO o.a.j.t.JMeterThread: Thread started: Usuarios Concurrentes (50) 1-31
2026-05-30 11:56:26,972 INFO o.a.j.e.J.Extraer token: TOKEN EXTRACTED OK: eyJhbGciOiJIUzI1NiJ9...
2026-05-30 11:56:26,984 INFO o.a.j.e.J.Extraer token: TOKEN EXTRACTED OK: eyJhbGciOiJIUzI1NiJ9...
2026-05-30 11:56:27,000 INFO o.a.j.e.J.Extraer token: TOKEN EXTRACTED OK: eyJhbGciOiJIUzI1NiJ9...
2026-05-30 11:56:27,010 INFO o.a.j.e.J.Extraer token: TOKEN EXTRACTED OK: eyJhbGciOiJIUzI1NiJ9...
2026-05-30 11:56:27,028 INFO o.a.j.e.J.Extraer token: TOKEN EXTRACTED OK: eyJhbGciOiJIUzI1NiJ9...
2026-05-30 11:56:27,044 INFO o.a.j.e.J.Extraer token: TOKEN EXTRACTED OK: eyJhbGciOiJIUzI1NiJ9...
2026-05-30 11:56:27,053 INFO o.a.j.t.JMeterThread: Thread started: Usuarios Concurrentes (50) 1-32
2026-05-30 11:56:27,061 INFO o.a.j.t.JMeterThread: Thread is done: Usuarios Concurrentes (50) 1-24
2026-05-30 11:56:27,061 INFO o.a.j.t.JMeterThread: Thread finished: Usuarios Concurrentes (50) 1-24
2026-05-30 11:56:27,076 INFO o.a.j.e.J.Extraer token: TOKEN EXTRACTED OK: eyJhbGciOiJIUzI1NiJ9...
2026-05-30 11:56:27,078 INFO o.a.j.t.JMeterThread: Thread is done: Usuarios Concurrentes (50) 1-25
2026-05-30 11:56:27,079 INFO o.a.j.t.JMeterThread: Thread finished: Usuarios Concurrentes (50) 1-25
2026-05-30 11:56:27,090 INFO o.a.j.e.J.Extraer token: TOKEN EXTRACTED OK: eyJhbGciOiJIUzI1NiJ9...
2026-05-30 11:56:27,124 INFO o.a.j.e.J.Extraer token: TOKEN EXTRACTED OK: eyJhbGciOiJIUzI1NiJ9...
2026-05-30 11:56:27,128 INFO o.a.j.e.J.Extraer token: TOKEN EXTRACTED OK: eyJhbGciOiJIUzI1NiJ9...
2026-05-30 11:56:27,153 INFO o.a.j.t.JMeterThread: Thread started: Usuarios Concurrentes (50) 1-33
2026-05-30 11:56:27,164 INFO o.a.j.e.J.Extraer token: TOKEN EXTRACTED OK: eyJhbGciOiJIUzI1NiJ9...
2026-05-30 11:56:27,188 INFO o.a.j.e.J.Extraer token: TOKEN EXTRACTED OK: eyJhbGciOiJIUzI1NiJ9...
2026-05-30 11:56:27,214 INFO o.a.j.e.J.Extraer token: TOKEN EXTRACTED OK: eyJhbGciOiJIUzI1NiJ9...
2026-05-30 11:56:27,224 INFO o.a.j.e.J.Extraer token: TOKEN EXTRACTED OK: eyJhbGciOiJIUzI1NiJ9...
2026-05-30 11:56:27,231 INFO o.a.j.t.JMeterThread: Thread is done: Usuarios Concurrentes (50) 1-26
2026-05-30 11:56:27,231 INFO o.a.j.t.JMeterThread: Thread finished: Usuarios Concurrentes (50) 1-26
2026-05-30 11:56:27,236 INFO o.a.j.e.J.Extraer token: TOKEN EXTRACTED OK: eyJhbGciOiJIUzI1NiJ9...
2026-05-30 11:56:27,239 INFO o.a.j.e.J.Extraer token: TOKEN EXTRACTED OK: eyJhbGciOiJIUzI1NiJ9...
2026-05-30 11:56:27,252 INFO o.a.j.t.JMeterThread: Thread started: Usuarios Concurrentes (50) 1-34
2026-05-30 11:56:27,272 INFO o.a.j.e.J.Extraer token: TOKEN EXTRACTED OK: eyJhbGciOiJIUzI1NiJ9...
2026-05-30 11:56:27,273 INFO o.a.j.e.J.Extraer token: TOKEN EXTRACTED OK: eyJhbGciOiJIUzI1NiJ9...
2026-05-30 11:56:27,306 INFO o.a.j.t.JMeterThread: Thread is done: Usuarios Concurrentes (50) 1-27
2026-05-30 11:56:27,306 INFO o.a.j.t.JMeterThread: Thread finished: Usuarios Concurrentes (50) 1-27
2026-05-30 11:56:27,334 INFO o.a.j.e.J.Extraer token: TOKEN EXTRACTED OK: eyJhbGciOiJIUzI1NiJ9...
2026-05-30 11:56:27,341 INFO o.a.j.e.J.Extraer token: TOKEN EXTRACTED OK: eyJhbGciOiJIUzI1NiJ9...
2026-05-30 11:56:27,352 INFO o.a.j.t.JMeterThread: Thread started: Usuarios Concurrentes (50) 1-35
2026-05-30 11:56:27,360 INFO o.a.j.e.J.Extraer token: TOKEN EXTRACTED OK: eyJhbGciOiJIUzI1NiJ9...
2026-05-30 11:56:27,379 INFO o.a.j.e.J.Extraer token: TOKEN EXTRACTED OK: eyJhbGciOiJIUzI1NiJ9...
2026-05-30 11:56:27,394 INFO o.a.j.e.J.Extraer token: TOKEN EXTRACTED OK: eyJhbGciOiJIUzI1NiJ9...
2026-05-30 11:56:27,427 INFO o.a.j.e.J.Extraer token: TOKEN EXTRACTED OK: eyJhbGciOiJIUzI1NiJ9...
2026-05-30 11:56:27,430 INFO o.a.j.e.J.Extraer token: TOKEN EXTRACTED OK: eyJhbGciOiJIUzI1NiJ9...
2026-05-30 11:56:27,437 INFO o.a.j.t.JMeterThread: Thread is done: Usuarios Concurrentes (50) 1-28
2026-05-30 11:56:27,438 INFO o.a.j.t.JMeterThread: Thread finished: Usuarios Concurrentes (50) 1-28
2026-05-30 11:56:27,441 INFO o.a.j.e.J.Extraer token: TOKEN EXTRACTED OK: eyJhbGciOiJIUzI1NiJ9...
2026-05-30 11:56:27,452 INFO o.a.j.t.JMeterThread: Thread started: Usuarios Concurrentes (50) 1-36
2026-05-30 11:56:27,483 INFO o.a.j.e.J.Extraer token: TOKEN EXTRACTED OK: eyJhbGciOiJIUzI1NiJ9...
2026-05-30 11:56:27,490 INFO o.a.j.e.J.Extraer token: TOKEN EXTRACTED OK: eyJhbGciOiJIUzI1NiJ9...
2026-05-30 11:56:27,520 INFO o.a.j.t.JMeterThread: Thread is done: Usuarios Concurrentes (50) 1-29
2026-05-30 11:56:27,520 INFO o.a.j.t.JMeterThread: Thread finished: Usuarios Concurrentes (50) 1-29
2026-05-30 11:56:27,537 INFO o.a.j.e.J.Extraer token: TOKEN EXTRACTED OK: eyJhbGciOiJIUzI1NiJ9...
2026-05-30 11:56:27,538 INFO o.a.j.e.J.Extraer token: TOKEN EXTRACTED OK: eyJhbGciOiJIUzI1NiJ9...
2026-05-30 11:56:27,552 INFO o.a.j.t.JMeterThread: Thread started: Usuarios Concurrentes (50) 1-37
2026-05-30 11:56:27,567 INFO o.a.j.e.J.Extraer token: TOKEN EXTRACTED OK: eyJhbGciOiJIUzI1NiJ9...
2026-05-30 11:56:27,585 INFO o.a.j.e.J.Extraer token: TOKEN EXTRACTED OK: eyJhbGciOiJIUzI1NiJ9...
2026-05-30 11:56:27,604 INFO o.a.j.e.J.Extraer token: TOKEN EXTRACTED OK: eyJhbGciOiJIUzI1NiJ9...
2026-05-30 11:56:27,621 INFO o.a.j.t.JMeterThread: Thread is done: Usuarios Concurrentes (50) 1-30
2026-05-30 11:56:27,621 INFO o.a.j.t.JMeterThread: Thread finished: Usuarios Concurrentes (50) 1-30
2026-05-30 11:56:27,633 INFO o.a.j.e.J.Extraer token: TOKEN EXTRACTED OK: eyJhbGciOiJIUzI1NiJ9...
2026-05-30 11:56:27,653 INFO o.a.j.t.JMeterThread: Thread started: Usuarios Concurrentes (50) 1-38
2026-05-30 11:56:27,663 INFO o.a.j.e.J.Extraer token: TOKEN EXTRACTED OK: eyJhbGciOiJIUzI1NiJ9...
2026-05-30 11:56:27,664 INFO o.a.j.e.J.Extraer token: TOKEN EXTRACTED OK: eyJhbGciOiJIUzI1NiJ9...
2026-05-30 11:56:27,701 INFO o.a.j.e.J.Extraer token: TOKEN EXTRACTED OK: eyJhbGciOiJIUzI1NiJ9...
2026-05-30 11:56:27,728 INFO o.a.j.e.J.Extraer token: TOKEN EXTRACTED OK: eyJhbGciOiJIUzI1NiJ9...
2026-05-30 11:56:27,740 INFO o.a.j.e.J.Extraer token: TOKEN EXTRACTED OK: eyJhbGciOiJIUzI1NiJ9...
2026-05-30 11:56:27,744 INFO o.a.j.e.J.Extraer token: TOKEN EXTRACTED OK: eyJhbGciOiJIUzI1NiJ9...
2026-05-30 11:56:27,749 INFO o.a.j.t.JMeterThread: Thread is done: Usuarios Concurrentes (50) 1-31
2026-05-30 11:56:27,749 INFO o.a.j.t.JMeterThread: Thread finished: Usuarios Concurrentes (50) 1-31
2026-05-30 11:56:27,752 INFO o.a.j.t.JMeterThread: Thread started: Usuarios Concurrentes (50) 1-39
2026-05-30 11:56:27,776 INFO o.a.j.e.J.Extraer token: TOKEN EXTRACTED OK: eyJhbGciOiJIUzI1NiJ9...
2026-05-30 11:56:27,812 INFO o.a.j.e.J.Extraer token: TOKEN EXTRACTED OK: eyJhbGciOiJIUzI1NiJ9...
2026-05-30 11:56:27,816 INFO o.a.j.e.J.Extraer token: TOKEN EXTRACTED OK: eyJhbGciOiJIUzI1NiJ9...
2026-05-30 11:56:27,831 INFO o.a.j.e.J.Extraer token: TOKEN EXTRACTED OK: eyJhbGciOiJIUzI1NiJ9...
2026-05-30 11:56:27,852 INFO o.a.j.t.JMeterThread: Thread started: Usuarios Concurrentes (50) 1-40
2026-05-30 11:56:27,876 INFO o.a.j.t.JMeterThread: Thread is done: Usuarios Concurrentes (50) 1-32
2026-05-30 11:56:27,876 INFO o.a.j.t.JMeterThread: Thread finished: Usuarios Concurrentes (50) 1-32
2026-05-30 11:56:27,892 INFO o.a.j.e.J.Extraer token: TOKEN EXTRACTED OK: eyJhbGciOiJIUzI1NiJ9...
2026-05-30 11:56:27,912 INFO o.a.j.e.J.Extraer token: TOKEN EXTRACTED OK: eyJhbGciOiJIUzI1NiJ9...
2026-05-30 11:56:27,916 INFO o.a.j.e.J.Extraer token: TOKEN EXTRACTED OK: eyJhbGciOiJIUzI1NiJ9...
2026-05-30 11:56:27,923 INFO o.a.j.e.J.Extraer token: TOKEN EXTRACTED OK: eyJhbGciOiJIUzI1NiJ9...
2026-05-30 11:56:27,939 INFO o.a.j.e.J.Extraer token: TOKEN EXTRACTED OK: eyJhbGciOiJIUzI1NiJ9...
2026-05-30 11:56:27,953 INFO o.a.j.t.JMeterThread: Thread started: Usuarios Concurrentes (50) 1-41
2026-05-30 11:56:27,981 INFO o.a.j.e.J.Extraer token: TOKEN EXTRACTED OK: eyJhbGciOiJIUzI1NiJ9...
2026-05-30 11:56:27,982 INFO o.a.j.e.J.Extraer token: TOKEN EXTRACTED OK: eyJhbGciOiJIUzI1NiJ9...
2026-05-30 11:56:27,994 INFO o.a.j.t.JMeterThread: Thread is done: Usuarios Concurrentes (50) 1-33
2026-05-30 11:56:27,995 INFO o.a.j.t.JMeterThread: Thread finished: Usuarios Concurrentes (50) 1-33
2026-05-30 11:56:27,995 INFO o.a.j.e.J.Extraer token: TOKEN EXTRACTED OK: eyJhbGciOiJIUzI1NiJ9...
2026-05-30 11:56:28,036 INFO o.a.j.e.J.Extraer token: TOKEN EXTRACTED OK: eyJhbGciOiJIUzI1NiJ9...
2026-05-30 11:56:28,051 INFO o.a.j.e.J.Extraer token: TOKEN EXTRACTED OK: eyJhbGciOiJIUzI1NiJ9...
2026-05-30 11:56:28,053 INFO o.a.j.t.JMeterThread: Thread started: Usuarios Concurrentes (50) 1-42
2026-05-30 11:56:28,071 INFO o.a.j.t.JMeterThread: Thread is done: Usuarios Concurrentes (50) 1-34
2026-05-30 11:56:28,071 INFO o.a.j.t.JMeterThread: Thread finished: Usuarios Concurrentes (50) 1-34
2026-05-30 11:56:28,075 INFO o.a.j.e.J.Extraer token: TOKEN EXTRACTED OK: eyJhbGciOiJIUzI1NiJ9...
2026-05-30 11:56:28,088 INFO o.a.j.e.J.Extraer token: TOKEN EXTRACTED OK: eyJhbGciOiJIUzI1NiJ9...
2026-05-30 11:56:28,104 INFO o.a.j.e.J.Extraer token: TOKEN EXTRACTED OK: eyJhbGciOiJIUzI1NiJ9...
2026-05-30 11:56:28,136 INFO o.a.j.e.J.Extraer token: TOKEN EXTRACTED OK: eyJhbGciOiJIUzI1NiJ9...
2026-05-30 11:56:28,152 INFO o.a.j.t.JMeterThread: Thread started: Usuarios Concurrentes (50) 1-43
2026-05-30 11:56:28,162 INFO o.a.j.t.JMeterThread: Thread is done: Usuarios Concurrentes (50) 1-35
2026-05-30 11:56:28,162 INFO o.a.j.t.JMeterThread: Thread finished: Usuarios Concurrentes (50) 1-35
2026-05-30 11:56:28,168 INFO o.a.j.e.J.Extraer token: TOKEN EXTRACTED OK: eyJhbGciOiJIUzI1NiJ9...
2026-05-30 11:56:28,170 INFO o.a.j.e.J.Extraer token: TOKEN EXTRACTED OK: eyJhbGciOiJIUzI1NiJ9...
2026-05-30 11:56:28,208 INFO o.a.j.e.J.Extraer token: TOKEN EXTRACTED OK: eyJhbGciOiJIUzI1NiJ9...
2026-05-30 11:56:28,226 INFO o.a.j.e.J.Extraer token: TOKEN EXTRACTED OK: eyJhbGciOiJIUzI1NiJ9...
2026-05-30 11:56:28,242 INFO o.a.j.t.JMeterThread: Thread is done: Usuarios Concurrentes (50) 1-36
2026-05-30 11:56:28,242 INFO o.a.j.t.JMeterThread: Thread finished: Usuarios Concurrentes (50) 1-36
2026-05-30 11:56:28,242 INFO o.a.j.e.J.Extraer token: TOKEN EXTRACTED OK: eyJhbGciOiJIUzI1NiJ9...
2026-05-30 11:56:28,250 INFO o.a.j.e.J.Extraer token: TOKEN EXTRACTED OK: eyJhbGciOiJIUzI1NiJ9...
2026-05-30 11:56:28,252 INFO o.a.j.t.JMeterThread: Thread started: Usuarios Concurrentes (50) 1-44
2026-05-30 11:56:28,259 INFO o.a.j.e.J.Extraer token: TOKEN EXTRACTED OK: eyJhbGciOiJIUzI1NiJ9...
2026-05-30 11:56:28,293 INFO o.a.j.e.J.Extraer token: TOKEN EXTRACTED OK: eyJhbGciOiJIUzI1NiJ9...
2026-05-30 11:56:28,329 INFO o.a.j.e.J.Extraer token: TOKEN EXTRACTED OK: eyJhbGciOiJIUzI1NiJ9...
2026-05-30 11:56:28,340 INFO o.a.j.e.J.Extraer token: TOKEN EXTRACTED OK: eyJhbGciOiJIUzI1NiJ9...
2026-05-30 11:56:28,343 INFO o.a.j.e.J.Extraer token: TOKEN EXTRACTED OK: eyJhbGciOiJIUzI1NiJ9...
2026-05-30 11:56:28,352 INFO o.a.j.t.JMeterThread: Thread started: Usuarios Concurrentes (50) 1-45
2026-05-30 11:56:28,366 INFO o.a.j.e.J.Extraer token: TOKEN EXTRACTED OK: eyJhbGciOiJIUzI1NiJ9...
2026-05-30 11:56:28,416 INFO o.a.j.t.JMeterThread: Thread is done: Usuarios Concurrentes (50) 1-37
2026-05-30 11:56:28,416 INFO o.a.j.t.JMeterThread: Thread finished: Usuarios Concurrentes (50) 1-37
2026-05-30 11:56:28,417 INFO o.a.j.e.J.Extraer token: TOKEN EXTRACTED OK: eyJhbGciOiJIUzI1NiJ9...
2026-05-30 11:56:28,417 INFO o.a.j.e.J.Extraer token: TOKEN EXTRACTED OK: eyJhbGciOiJIUzI1NiJ9...
2026-05-30 11:56:28,422 INFO o.a.j.e.J.Extraer token: TOKEN EXTRACTED OK: eyJhbGciOiJIUzI1NiJ9...
2026-05-30 11:56:28,429 INFO o.a.j.e.J.Extraer token: TOKEN EXTRACTED OK: eyJhbGciOiJIUzI1NiJ9...
2026-05-30 11:56:28,453 INFO o.a.j.t.JMeterThread: Thread started: Usuarios Concurrentes (50) 1-46
2026-05-30 11:56:28,453 INFO o.a.j.e.J.Extraer token: TOKEN EXTRACTED OK: eyJhbGciOiJIUzI1NiJ9...
2026-05-30 11:56:28,508 INFO o.a.j.e.J.Extraer token: TOKEN EXTRACTED OK: eyJhbGciOiJIUzI1NiJ9...
2026-05-30 11:56:28,511 INFO o.a.j.e.J.Extraer token: TOKEN EXTRACTED OK: eyJhbGciOiJIUzI1NiJ9...
2026-05-30 11:56:28,532 INFO o.a.j.t.JMeterThread: Thread is done: Usuarios Concurrentes (50) 1-38
2026-05-30 11:56:28,533 INFO o.a.j.t.JMeterThread: Thread finished: Usuarios Concurrentes (50) 1-38
2026-05-30 11:56:28,539 INFO o.a.j.e.J.Extraer token: TOKEN EXTRACTED OK: eyJhbGciOiJIUzI1NiJ9...
2026-05-30 11:56:28,542 INFO o.a.j.e.J.Extraer token: TOKEN EXTRACTED OK: eyJhbGciOiJIUzI1NiJ9...
2026-05-30 11:56:28,553 INFO o.a.j.t.JMeterThread: Thread started: Usuarios Concurrentes (50) 1-47
2026-05-30 11:56:28,603 INFO o.a.j.e.J.Extraer token: TOKEN EXTRACTED OK: eyJhbGciOiJIUzI1NiJ9...
2026-05-30 11:56:28,609 INFO o.a.j.t.JMeterThread: Thread is done: Usuarios Concurrentes (50) 1-39
2026-05-30 11:56:28,609 INFO o.a.j.t.JMeterThread: Thread finished: Usuarios Concurrentes (50) 1-39
2026-05-30 11:56:28,610 INFO o.a.j.e.J.Extraer token: TOKEN EXTRACTED OK: eyJhbGciOiJIUzI1NiJ9...
2026-05-30 11:56:28,617 INFO o.a.j.e.J.Extraer token: TOKEN EXTRACTED OK: eyJhbGciOiJIUzI1NiJ9...
2026-05-30 11:56:28,631 INFO o.a.j.e.J.Extraer token: TOKEN EXTRACTED OK: eyJhbGciOiJIUzI1NiJ9...
2026-05-30 11:56:28,644 INFO o.a.j.e.J.Extraer token: TOKEN EXTRACTED OK: eyJhbGciOiJIUzI1NiJ9...
2026-05-30 11:56:28,653 INFO o.a.j.t.JMeterThread: Thread started: Usuarios Concurrentes (50) 1-48
2026-05-30 11:56:28,693 INFO o.a.j.t.JMeterThread: Thread is done: Usuarios Concurrentes (50) 1-40
2026-05-30 11:56:28,693 INFO o.a.j.t.JMeterThread: Thread finished: Usuarios Concurrentes (50) 1-40
2026-05-30 11:56:28,693 INFO o.a.j.e.J.Extraer token: TOKEN EXTRACTED OK: eyJhbGciOiJIUzI1NiJ9...
2026-05-30 11:56:28,722 INFO o.a.j.e.J.Extraer token: TOKEN EXTRACTED OK: eyJhbGciOiJIUzI1NiJ9...
2026-05-30 11:56:28,728 INFO o.a.j.e.J.Extraer token: TOKEN EXTRACTED OK: eyJhbGciOiJIUzI1NiJ9...
2026-05-30 11:56:28,730 INFO o.a.j.e.J.Extraer token: TOKEN EXTRACTED OK: eyJhbGciOiJIUzI1NiJ9...
2026-05-30 11:56:28,753 INFO o.a.j.t.JMeterThread: Thread started: Usuarios Concurrentes (50) 1-49
2026-05-30 11:56:28,783 INFO o.a.j.e.J.Extraer token: TOKEN EXTRACTED OK: eyJhbGciOiJIUzI1NiJ9...
2026-05-30 11:56:28,786 INFO o.a.j.e.J.Extraer token: TOKEN EXTRACTED OK: eyJhbGciOiJIUzI1NiJ9...
2026-05-30 11:56:28,794 INFO o.a.j.e.J.Extraer token: TOKEN EXTRACTED OK: eyJhbGciOiJIUzI1NiJ9...
2026-05-30 11:56:28,802 INFO o.a.j.e.J.Extraer token: TOKEN EXTRACTED OK: eyJhbGciOiJIUzI1NiJ9...
2026-05-30 11:56:28,805 INFO o.a.j.t.JMeterThread: Thread is done: Usuarios Concurrentes (50) 1-41
2026-05-30 11:56:28,805 INFO o.a.j.t.JMeterThread: Thread finished: Usuarios Concurrentes (50) 1-41
2026-05-30 11:56:28,812 INFO o.a.j.e.J.Extraer token: TOKEN EXTRACTED OK: eyJhbGciOiJIUzI1NiJ9...
2026-05-30 11:56:28,836 INFO o.a.j.e.J.Extraer token: TOKEN EXTRACTED OK: eyJhbGciOiJIUzI1NiJ9...
2026-05-30 11:56:28,853 INFO o.a.j.t.JMeterThread: Thread started: Usuarios Concurrentes (50) 1-50
2026-05-30 11:56:28,874 INFO o.a.j.e.J.Extraer token: TOKEN EXTRACTED OK: eyJhbGciOiJIUzI1NiJ9...
2026-05-30 11:56:28,883 INFO o.a.j.e.J.Extraer token: TOKEN EXTRACTED OK: eyJhbGciOiJIUzI1NiJ9...
2026-05-30 11:56:28,890 INFO o.a.j.e.J.Extraer token: TOKEN EXTRACTED OK: eyJhbGciOiJIUzI1NiJ9...
2026-05-30 11:56:28,898 INFO o.a.j.t.JMeterThread: Thread is done: Usuarios Concurrentes (50) 1-42
2026-05-30 11:56:28,898 INFO o.a.j.t.JMeterThread: Thread finished: Usuarios Concurrentes (50) 1-42
2026-05-30 11:56:28,936 INFO o.a.j.e.J.Extraer token: TOKEN EXTRACTED OK: eyJhbGciOiJIUzI1NiJ9...
2026-05-30 11:56:28,944 INFO o.a.j.e.J.Extraer token: TOKEN EXTRACTED OK: eyJhbGciOiJIUzI1NiJ9...
2026-05-30 11:56:28,959 INFO o.a.j.e.J.Extraer token: TOKEN EXTRACTED OK: eyJhbGciOiJIUzI1NiJ9...
2026-05-30 11:56:28,963 INFO o.a.j.e.J.Extraer token: TOKEN EXTRACTED OK: eyJhbGciOiJIUzI1NiJ9...
2026-05-30 11:56:28,995 INFO o.a.j.e.J.Extraer token: TOKEN EXTRACTED OK: eyJhbGciOiJIUzI1NiJ9...
2026-05-30 11:56:29,020 INFO o.a.j.t.JMeterThread: Thread is done: Usuarios Concurrentes (50) 1-44
2026-05-30 11:56:29,020 INFO o.a.j.t.JMeterThread: Thread finished: Usuarios Concurrentes (50) 1-44
2026-05-30 11:56:29,027 INFO o.a.j.e.J.Extraer token: TOKEN EXTRACTED OK: eyJhbGciOiJIUzI1NiJ9...
2026-05-30 11:56:29,032 INFO o.a.j.e.J.Extraer token: TOKEN EXTRACTED OK: eyJhbGciOiJIUzI1NiJ9...
2026-05-30 11:56:29,040 INFO o.a.j.e.J.Extraer token: TOKEN EXTRACTED OK: eyJhbGciOiJIUzI1NiJ9...
2026-05-30 11:56:29,043 INFO o.a.j.t.JMeterThread: Thread is done: Usuarios Concurrentes (50) 1-43
2026-05-30 11:56:29,043 INFO o.a.j.t.JMeterThread: Thread finished: Usuarios Concurrentes (50) 1-43
2026-05-30 11:56:29,084 INFO o.a.j.e.J.Extraer token: TOKEN EXTRACTED OK: eyJhbGciOiJIUzI1NiJ9...
2026-05-30 11:56:29,109 INFO o.a.j.t.JMeterThread: Thread is done: Usuarios Concurrentes (50) 1-45
2026-05-30 11:56:29,109 INFO o.a.j.t.JMeterThread: Thread finished: Usuarios Concurrentes (50) 1-45
2026-05-30 11:56:29,120 INFO o.a.j.e.J.Extraer token: TOKEN EXTRACTED OK: eyJhbGciOiJIUzI1NiJ9...
2026-05-30 11:56:29,152 INFO o.a.j.e.J.Extraer token: TOKEN EXTRACTED OK: eyJhbGciOiJIUzI1NiJ9...
2026-05-30 11:56:29,187 INFO o.a.j.e.J.Extraer token: TOKEN EXTRACTED OK: eyJhbGciOiJIUzI1NiJ9...
2026-05-30 11:56:29,193 INFO o.a.j.e.J.Extraer token: TOKEN EXTRACTED OK: eyJhbGciOiJIUzI1NiJ9...
2026-05-30 11:56:29,232 INFO o.a.j.e.J.Extraer token: TOKEN EXTRACTED OK: eyJhbGciOiJIUzI1NiJ9...
2026-05-30 11:56:29,253 INFO o.a.j.e.J.Extraer token: TOKEN EXTRACTED OK: eyJhbGciOiJIUzI1NiJ9...
2026-05-30 11:56:29,268 INFO o.a.j.t.JMeterThread: Thread is done: Usuarios Concurrentes (50) 1-46
2026-05-30 11:56:29,268 INFO o.a.j.t.JMeterThread: Thread finished: Usuarios Concurrentes (50) 1-46
2026-05-30 11:56:29,296 INFO o.a.j.e.J.Extraer token: TOKEN EXTRACTED OK: eyJhbGciOiJIUzI1NiJ9...
2026-05-30 11:56:29,326 INFO o.a.j.t.JMeterThread: Thread is done: Usuarios Concurrentes (50) 1-47
2026-05-30 11:56:29,326 INFO o.a.j.t.JMeterThread: Thread finished: Usuarios Concurrentes (50) 1-47
2026-05-30 11:56:29,337 INFO o.a.j.e.J.Extraer token: TOKEN EXTRACTED OK: eyJhbGciOiJIUzI1NiJ9...
2026-05-30 11:56:29,391 INFO o.a.j.e.J.Extraer token: TOKEN EXTRACTED OK: eyJhbGciOiJIUzI1NiJ9...
2026-05-30 11:56:29,410 INFO o.a.j.t.JMeterThread: Thread is done: Usuarios Concurrentes (50) 1-48
2026-05-30 11:56:29,410 INFO o.a.j.t.JMeterThread: Thread finished: Usuarios Concurrentes (50) 1-48
2026-05-30 11:56:29,443 INFO o.a.j.e.J.Extraer token: TOKEN EXTRACTED OK: eyJhbGciOiJIUzI1NiJ9...
2026-05-30 11:56:29,470 INFO o.a.j.e.J.Extraer token: TOKEN EXTRACTED OK: eyJhbGciOiJIUzI1NiJ9...
2026-05-30 11:56:29,521 INFO o.a.j.t.JMeterThread: Thread is done: Usuarios Concurrentes (50) 1-49
2026-05-30 11:56:29,521 INFO o.a.j.t.JMeterThread: Thread finished: Usuarios Concurrentes (50) 1-49
2026-05-30 11:56:29,550 INFO o.a.j.t.JMeterThread: Thread is done: Usuarios Concurrentes (50) 1-50
2026-05-30 11:56:29,551 INFO o.a.j.t.JMeterThread: Thread finished: Usuarios Concurrentes (50) 1-50
2026-05-30 11:56:29,551 INFO o.a.j.e.StandardJMeterEngine: Starting tearDown thread groups
2026-05-30 11:56:29,551 INFO o.a.j.e.StandardJMeterEngine: Starting tearDown ThreadGroup: 1 : TearDown - Limpiar listas huerfanas
2026-05-30 11:56:29,551 INFO o.a.j.e.StandardJMeterEngine: Starting 1 threads for group TearDown - Limpiar listas huerfanas.
2026-05-30 11:56:29,551 INFO o.a.j.e.StandardJMeterEngine: Thread will continue on error
2026-05-30 11:56:29,551 INFO o.a.j.t.ThreadGroup: Starting thread group... number=1 threads=1 ramp-up=1 delayedStart=false
2026-05-30 11:56:29,551 INFO o.a.j.t.ThreadGroup: Started thread group number 1
2026-05-30 11:56:29,551 INFO o.a.j.t.JMeterThread: Thread started: TearDown - Limpiar listas huerfanas 1-1
2026-05-30 11:56:29,698 INFO o.a.j.e.J.Borrar listas huerfanas: TEARDOWN: borradas 8 listas huerfanas
2026-05-30 11:56:29,698 INFO o.a.j.t.JMeterThread: Thread is done: TearDown - Limpiar listas huerfanas 1-1
2026-05-30 11:56:29,698 INFO o.a.j.t.JMeterThread: Thread finished: TearDown - Limpiar listas huerfanas 1-1
2026-05-30 11:56:29,698 INFO o.a.j.e.StandardJMeterEngine: Notifying test listeners of end of test
2026-05-30 11:56:29,699 INFO o.a.j.g.u.JMeterMenuBar: setRunning(false, *local*)
